Workbook

Sheet 사용법
A1: HS코드 분류 baseline 측정표 v3
A2: 공통 항목은 [케이스목록] 한 곳에만 입력하면 측정기록·조건B 시트로 자동 연결됩니다.
A4: 시트 구조
A5: 케이스목록 — 결정례번호·품명·정답HSK·물품설명을 여기 한 번만 입력. 나머지 시트가 자동으로 끌어씁니다.
A6: 측정기록 — 조건 A(상세 물품설명 입력). P1·P2 응답만 기록
A7: 조건B_품명only — 조건 B(품명 원문 입력). P1 응답만 기록
A8: 일관성 — 같은 질문 3회 반복
A9: 결과요약 — 전부 자동 계산
A10: 측정조건 — 모델·설정을 기록. 재현 가능성의 근거이므로 반드시 채우세요
A12: 색 규칙
A13: 노란색 = 직접 입력 / 연두색 = 케이스목록에서 자동 연결(수정 금지) / 회색 = 자동 계산
A15: 유효_A · 유효_B 열이 핵심입니다
... A51: 이 한 줄들이 30건 뒤에 유형으로 뭉치고, 그것이 만들 시스템의 기능 목록이 됩니다.

Sheet 케이스목록
A1: 케이스목록 — 공통 항목 단일 입력
A2: 여기 입력한 값이 측정기록·조건B 시트로 자동 전달됩니다. 오염된 건은 유효_A / 유효_B를 X로.
A3: 번호 | B3: 결정례 번호 | C3: 품명 원문 (조건B 입력값) | D3: 정답 HSK | E3: 물품설명 (조건A 입력값) | F3: 물품설명 출처 | G3: 품명유형 | H3: 유효 A | I3: 유효 B | J3: 제외 사유
A5: 1 | B5: 품목분류2과-4285 | C5: 친환경 액상 제설제 SDI 200 | D5: 3820002000 | E5: 도로에 쌓인 눈 또는 결빙 등의 제거를 위한 액상 제설제로, 무수염화칼슘, 염화나트륨, 글리세린, 글루콘산소다, pH 조정제, 물로 조제한 액상 | F5: 원문 | G5: 품명명확 | H5: X | I5: X | J5: 검색 ON 상태에서 측정(AI Studio 전환 전). 재측정 필요
A6: 2 | B6: 품목분류2과-4144 | C6: Silica Coating Liquid; NS1033011 Grey Primer | D6: 3207209000 | E6: Silica sol, Methyltrimethoxysilane, 안료(Titanium dioxide, Copper chromite black spinel 등), Isopropyl alcohol, Formic acid, Water로 혼합·조제된 회색계 점조 액상. 용도: 프라이팬 등의 세라믹 코팅(제시한 카탈로그에서 경화 온도 180~300℃) | F6: 원문 | G6: 품번only | H6: O | I6: O
A7: 3 | B7: 품목분류2과-3140 | C7: (재확인 필요 — 기존 입력은 관세율표 호 문언) | D7: 0902100000 | E7: 파쇄상의 녹차에 소량의 합성향과 자스민꽃을 혼합하여 수지제 팩에 소매포장한 것(내용량 150g). 용도: 온수에 침출하여 음용 | F7: 원문 | G7: 품명명확 | H7: O | I7: X | J7: 결정례 품명 칸 자체에 소호 문언이 그대로 기재된 케이스. 입력 오류가 아니라 데이터 특성상 정답 누설
A8: 4 | B8: 품목분류1과-3731 | C8: 건담 카드게임 스타트덱 건담 어셈블 세트 Heroic Beginnings【ST01A】 | D8: 9504400000 | E8: 건담 게임용 카드 1묶음(50장), 건담 조립용 키트 3종, 설명서 2매(게임용·조립용)가 소매포장되어 제시된 물품. 카드에 표시된 공격력과 수비력을 비교해 승부를 내는 방식으로 게임을 진행함. 조립하여 완성한 미니어처 3종은 카드게임 규칙과 무관한 연출용. 업체 제시 가격비중은 카드 약 250엔, 조립키트 약 480엔 | F8: 원문 | G8: 품명명확 | H8: O | I8: O
A9: 5 | B9: 품목분류2과-31881 | C9: D-100 Wash Solution | D9: 2850003000 | E9: 아지드화나트륨(Sodium azide, CAS No. 26628-22-8) 0.1% 미만을 물에 용해한 무색투명한 액상을 플라스틱 용기에 소매포장한 것(내용량 3,300ml). 용도: 시험용 검체 주입 간 검체 바늘 및 컬럼 세척 등 | F9: 원문 | G9: 품번only | H9: O | I9: O
A10: 6 | B10: 품목분류3과-3310 | C10: 고순도 제약용 호스 어셈블리 SXW | D10: 3917399000 | E10: ㅇ 실리콘(Silicone) 재질의 호스 또는 PTFE(Polytetrafluoroethylene) 재질의 호스로서, 양 끝단에는 스테인리스 스틸 연결구가 부착됨 - (용도) 유체 이송(배지, 약액, 최종원액 등)용으로 제약(백신) 제조공정*의 여러 장비**에 연결되어 사용됨 * 세포에서 항체를 만들고, 불순물과 바이러스를 제거한 뒤 농축‧조성 조정을 거쳐 최종 용기에 무균 충전하는 공정 ** Chromatography skid, Virus filter skid, UF/DF skid, Filling station ㅇ SXW : 약 길이 1200㎜, 직경 48㎜, 파열압 0.345 ∼ 1.03(㎫), 실리콘재질, 스테인리스 스틸 와이어로 보강됨 ※ 제조사 홈페이지: “의약품, 화장품 및 식품이송에 적합” | F10: 원문 | G10: 품명명확 | H10: O | I10: O
A11: 7 | B11: 품목분류3과-3040 | C11: CUSHION COMPACT 외용기, 내용기 ,메쉬링(+리드씰) | D11: 3923100000 | E11: ㅇ 물품개요 - 화장품 CUSHION COMPACT 용기를 구성하는 ① 외용기, ② 내용기, ③ 매쉬링(리드씰 포함)이 미조립 상태로 제시, 각 구성요소를 결합하면 케이스 완성품이 됨 (파운데이션 내용물 미포함) - 구성요소는 각 개별박스에 벌크 포장된 형태로 함께 제시 - 구성요소 ① 외용기(ABS, AS, GLASS) : 내부에 거울이 부착된 화장품 외부 용기 ② 내용기(PP) : 화장품(파운데이션)을 담는 내부 용기 ③ 매쉬링(리드씰 포함)(NYLON, PP/PE, AL) : 화장품이 균일하게 도포되도록 돕는 매쉬망과 고정링에 제품보호용 씰(제거후 사용)이 부착됨 ㅇ 수입 후 제조공정 - 원료 칭량(Weighing) → 교반 → 믹싱 → 내용기 충전(몰드진입, 용기공급, 충전, 매쉬망, 실링, 라벨링, 배출) → 외용기 결합 → 포장 | F11: 원문 | G11: 품명명확 | H11: O | I11: O
A12: 8 | B12: 품목분류4과-1253 | C12: MIRAMER PU5000; MIRAMER PU5000; 200KG DRUM | D12: 3909500000 | E12: ㅇ (개요) ① Polyurethane acrylate*(우레탄계 프리폴리머) 35~40%, ② 2-Propenoic acid reaction products with pentaerythritol(미반응원료) 10~15%, ③ Ethoxylated pentaerythritol tetraacrylate(점도조정제, 희석제) 50%로 구성된 무색투명한 점조액상 * 성분명 : 2-[[(1-Oxo-2-propenyl)oxy]methyl]-2-[[[[[[1,3,3-trimethyl-5- [[[3-[(1-oxo-2-propenyl)oxy]-2,2-bis[[(1-oxo-2-propenyl)oxy]methyl]propoxy]carbonyl]amino]cyclohexyl]methyl]amino]carbonyl]oxy]methyl]-1,3-propanediyl 2-propenoate ㅇ (제조공정) 원료 투입 → 반응 → 여과 및 포장 ㅇ (원료) | F12: 원문 | G12: 품번only | H12: O | I12: O
A13: 9 | B13: 품목분류4과-1933 | C13: LOCAL FIRE FIGHTING SYSTEM; WATER MIST SYSTEM;MIST | D13: 8424899000 | E13: ㅇ 물품개요 - 안건 물품은 선박의 기관실 등에서 화재 발생시 화재감지 신호에 따라 펌프가 작동하여 물을 미립화하여 고압으로 분무함으로써 화재를 진압하는 화재 진압 시스템(소화수 탱크는 미제시됨) ㅇ 용도 : 선박 기관실(주기관, 발전기, 보일러 등 고위험 설비)내의 화재 방호 ㅇ 작동원리 : 물 입자를 미분무수화하여 표면적을 증가시키고 열을 흡수함과 동시에 물의 증발을 최대화하여 냉각 효과로 소화 ㅇ 주요 구성요소 및 기능 - 펌프 : 화재 발생시 노즐로 소화수를 전달 - 컨트롤판넬 : 시스템 제어 및 상태관리 - 미분수 노즐 : 소화수(물)를 분사하여 화재를 진압하는 장치 - 배관 및 밸브 : 제어 신호에 따라 소화수 공급 및 배관 라인 개폐 - 화재감지기 : 화재 발생시 연기, 열, 화염 등을 감지하여 컨트롤판넬로 전달 - (미제시) 소화수 탱크 : 소화수를 저장하는 장치이며 펌프와 배관으로 연결 | F13: 원문 | G13: 품명명확 | H13: O | I13: O
A14: 10 | B14: 품목분류3과-3871 | C14: PC WITH SOFT; 6V9Y0048; FC-E23W-G26CV9-SSDMODE; | D14: 8471501000 | E14: ㅇ 물품 개요 - 반도체 세정장비*(SU-3200)에 사용되는 산업용 컴퓨터로 제어 프로그램이 설치되어 수입 * 반도체 제조공정 중 발생한 Wafer 표면의 각종 이물질을 화공약품을 이용하여 제거 ㅇ 기능 및 용도: 장비 전체 운영의 중앙 제어, 장비 상태 모니터링 및 보호, 데이터 수집 및 로깅, 장비 최적화·스케줄링 기능, 보안·사용자 권한 관리, 서브 시스템과의 통신 및 제어 명령 분배 ㅇ 일반 프로그램 설치 가능 여부 - 신청 물품은 Windows 운영체제가 설치된 산업용 컴퓨터로서, 일반 PC와 동일하게 다양한 프로그램의 설치 및 실행이 가능하며, 프로그램 설치와 관련된 기술적 제한 없음 ㅇ 제어 방식: 신청 물품이 장치 운용을 위한 명령*을 VME Controller에 지시 → VME Controller는 다시 각 모듈**에 동작***을 지시 → 모듈 수행에 따른 각종 데이터를 다시 VME Controller가 취합 후 신청 물품으로 송부 * 사용자 입력 및 시스템 조건에 따른 장비의 가동, 정지, 중단 ** 로봇 컨트톨러, 반송 장치, 챔버, 밸브, 센서 등 *** 로봇 동작(Move, Pick up, Place 등), Motor/Pump 제어(위치, 속도 관련 정보) 등 | F14: 원문 | G14: 품명명확 | H14: O | I14: O
A15: 11 | B15: 품목분류2과-1654 | C15: KP-SOL-90 | D15: 2710129000 | E15: ㅇ 물품개요 - 수소처리된 경질 나프타[Naphtha(petroleum), hydrotreated light] (85%~95%), 방향족 탄화수소 혼합물* (1%~10%)을 혼합한 무색 투명한 액상[비방향족 성분 중량이 방향족 성분 중량을 초과, ISO 3405방법으로 210℃에서 90%이상 증류] * Mixed xylene : 에틸벤젠(Ethylbenzene) 50~60%, 크실렌(Xylene) 40~50% - 용도: 산업용 용제 | F15: 원문 | G15: 품번only | H15: O | I15: O
A16: 12 | B16: 품목분류2과-1460 | C16: FROZEN GINGER WITH SUGAR | D16: 2008999000 | E16: ㅇ 물품개요 - 원상의 생강을 끓는 물에 담가 세척하고 절단하여 설탕 시럽(끓는 물에 설탕을 녹여 만든 시럽을 용기 3개에 담은 후 순차적으로 침적)에 침적한 후 잔류 시럽을 배출한 생강 채 50%에 설탕 50%를 넣어 포장하여 냉동한 것 - 용도 : 식용(생강차 제조용) - 분석결과 ▪시료 : 수분 약 36.9% ①자당 약 56% ②자당 약 50% / 시럽 자당 약 59% ▪생강(미 농무성) : 수분 78.9%, 당 1.7% - 제조공정 원상의 생강 ⇒ 세척(끓는 물에 담금/살균 및 전분 제거) ⇒ 채 썰기 ⇒ 설탕 시럽에 3회 침적(끓는 물에 설탕을 녹여 만든 시럽을 용기* 3개에 나눠 담은 후 생강 채를 각 시럽에 순차적으로 침적) ⇒ 시럽 배출 ⇒ 설탕 혼합 ⇒ 포장 ⇒ 냉동 ※ 생강 채를 시럽에 넣어 끓이지 않는 이유 - 생강 채를 설탕 시럽에 담근 상태에서 끓이면 생강의 형태를 유지하기 어렵기 때문에, 생강 형상을 최대한 유지하기 위해 끓는 물에 설탕을 녹여 만든 시럽에 침적하는 방식으로 제조 | F16: 원문 | G16: 품명명확 | H16: O | I16: O
A17: 13 | B17: 품목분류4과-945 | C17: COOLOA; RH-CD02W | D17: 8424209000 | E17: ㅇ 물품개요 - CO₂가스를 동력원으로 화장품을 피부 표면에 미세하고 균일하게 분사하는 미용기기 - 분사 과정 중 화장품의 온도를 낮춰 피부에 쿨링감을 제공 ㅇ 주요 구성요소 및 기능 - 노즐 : CO₂가스를 제어하면서 분사 방향/각도 유지 - 냉각모듈 : 열전대소자(Peltier)*로, 화장품의 온도를 쿨링감있게 유지 * 전기를 흘리면 한쪽 면은 차가워지고 반대쪽 면은 뜨거워지는 열전소자 - 솔레노이드 밸브 : 전자제어 밸브로 가스 분사량 제어 - 디스플레이 : 배터리, 오류코드 등 상태 표시 - 트리거(방아쇠), USB-C 충전 포트, 리튬이온 배터리(3,350㎃h) 내장 등 - CO₂카트리지(미제시) : 고압 액화 CO₂가 밀봉된 소형 실린더 - 컨테이너(미제시) : 액상 화장품을 담는 용기 ㅇ 작동 원리 - 카트리지와 컨테이너 장착(미제시) → 트리거 작동 → 솔레노이드밸브가 개방되며 CO₂가스가 부품 내의 용기 안으로 이동 → 용기 내부 압력 상승 → 화장품이 노즐을 통해 약 45° 각도로 분사 - CO₂가스(극저온 냉매, -79도)의 분사로 화장품의 온도를 급속히 낮추고 이를 열전대(Peltier) 소자로 급속 가열하여 피부에 전달되는 온도(2~4도)로 유지 | F17: 원문 | G17: 품번only | H17: O | I17: O
A18: 14 | B18: 품목분류1과-876 | C18: 16mm F6.5 autofocus VIS+NIR lens; 820-20194-005 | D18: 9002119090 | E18: ㅇ 물품 개요 - 산업용 스마트카메라*의 일종인 In-sight Vision 장비에 전용되는 대물렌즈로, 측정 대상 물품의 상을 포착하여 후방(스마트 카메라 본체)에 위치한 CMOS 이미지 센서에 상을 맺게 함 * 일반적인 카메라와 달리 영상획득, 영상처리, 판단․제어 로직을 하나의 장치로 통합한 비전(vision) 측정검사 장비(제9031.4호에 분류되고 있음) ㅇ 구성 요소별 기능 ① 렌즈 : 일반렌즈와 액체 렌즈가 결합된 형태로, 포착된 피사체의 상을 스마트 카메라 본체 내부의 CMOS 이미지 센서 위에 결상시킴(본체의 CMOS 센서가 이를 디지털 신호로 변환하여 영상 데이터를 생성) ② 커넥터 : 액체 렌즈 부분의 셀을 형성하기 위해서 전력을 공급하고, 촬영 간 초점을 빠르게 전환하기 위한 제어 명령 전달 ③ 장착 부분 : Auto Focus 렌즈(쟁점물품)와 In-sight 제품(본체)을 연결하는 부분으로 인사이트 제품의 장착에 맞게 홈이 파여 있으며 제품을 연결하기 위해 볼트가 삽입된 연결부분이 있음. | F18: 원문 | G18: 품명명확 | H18: O | I18: O
A19: 15 | B19: 품목분류2과-1011 | C19: ㅇ 재우스오라쿠고에이취플라스타(살리실산); OLAKUKO - H; | D19: 3004909900 | E19: ㅇ 물품개요 - 살리실산을 주성분으로 한 황색 페이스트를 원형 스펀지 중앙에 채운 후 스트립상의 접착시트에 부착한 것을 소매포장한 것(내용량 : 100g, 12매/box) - 용도: 티눈, 굳은 살, 사마귀 제거(일반의약품) | F19: 원문 | G19: 품명명확 | H19: O | I19: O
... A34: 30 | B34: 품목분류4과-3248 | C34: 코듀로이 셔츠자켓; IKYC24W01 | D34: 6205200000 | E34: ㅇ 물품개요 - 면 직물로 만든 긴팔 상의로 실외 착용 아동용 의류 - 일정한 두께감으로 셔츠로 착용이 가능하며, 티셔츠 위에 재킷으로도 착용이 가능한 하이브리드 의류 - (형태) 전면 2개, 후면 2개에 총 4개의 세로 방향 패널이 있으며, 전면이 오픈되어 단추로 개폐되고 칼라가 있음, 밑단에 별도의 골이 진 허릿단이나 조이는 부분이 없으며 전면 가슴 부분 양쪽에 포켓이 있음, 등 부분에 영문 로고가 있음. 길이가 허리까지 오며 잠금방식이 왼편이 오른편 위로 여닫게 되어 있는 소년용 의류임 | F34: 원문 | G34: 품명명확 | H34: O | I34: O

Sheet 측정기록
A1: 조건 A — 상세 물품설명 입력 (모델 성능의 상한선)
A2: 연두색은 케이스목록 자동 연결. 노란색만 입력하세요. 조건A에는 품명·품번을 넣지 않습니다.
A3: 번호 | B3: 결정례 번호 | C3: 물품설명 (연결) | D3: 정답 HSK | E3: 유효 A | F3: 검색 사용 | G3: 결정례 인용 | H3: P1 응답코드 | I3: P1 4자리 | J3: P1 6자리 | K3: P1 10자리 | L3: P2 후보1 | M3: P2 후보2 | N3: P2 후보3 | O3: P2 Top1 6자리 | P3: P2 Top3 포함 | Q3: 오답유형 | R3: 메모 (왜 틀렸나)
A5: 1 | B5: =IF(케이스목록!$B5="","",케이스목록!$B5) -> 품목분류2과-4285 | C5: =IF(케이스목록!$E5="","",케이스목록!$E5) -> 도로에 쌓인 눈 또는 결빙 등의 제거를 위한 액상 제설제로, 무수염화칼슘, 염화나트륨, 글리세린, 글루콘산소다, pH 조정제, 물로 조제한 액상 | D5: =IF(케이스목록!$D5="","",케이스목록!$D5) -> 3820002000 | E5: =IF(케이스목록!$H5="","",케이스목록!$H5) -> X | F5: O | G5: X | H5: 3820002000 | I5: =IF(OR($D5="",$H5=""),"",IF(LEFT(SUBSTITUTE(SUBSTITUTE(SUBSTITUTE(SUBSTITUTE(SUBSTITUTE($D5,".",""),"-","")," ","")," ",""),CHAR(9),""),4)=LEFT(SUBSTITUTE(SUBSTITUTE(SUBSTITUTE(SUBSTITUTE(SUBSTITUTE($H5,".",""),"-","")," ","")," ",""),CHAR(9),""),4),1,0)) -> 1 | J5: =IF(OR($D5="",$H5=""),"",IF(LEFT(SUBSTITUTE(SUBSTITUTE(SUBSTITUTE(SUBSTITUTE(SUBSTITUTE($D5,".",""),"-","")," ","")," ",""),CHAR(9),""),6)=LEFT(SUBSTITUTE(SUBSTITUTE(SUBSTITUTE(SUBSTITUTE(SUBSTITUTE($H5,".",""),"-","")," ","")," ",""),CHAR(9),""),6),1,0)) -> 1 | K5: =IF(OR($D5="",$H5=""),"",IF(SUBSTITUTE(SUBSTITUTE(SUBSTITUTE(SUBSTITUTE(SUBSTITUTE($D5,".",""),"-","")," ","")," ",""),CHAR(9),"")=SUBSTITUTE(SUBSTITUTE(SUBSTITUTE(SUBSTITUTE(SUBSTITUTE($H5,".",""),"-","")," ","")," ",""),CHAR(9),""),1,0)) -> 1 | L5: 3820002000 | M5: 3824999090 | N5: 2827200000 | O5: =IF(OR($D5="",$L5=""),"",IF(LEFT(SUBSTITUTE(SUBSTITUTE(SUBSTITUTE(SUBSTITUTE(SUBSTITUTE($D5,".",""),"-","")," ","")," ",""),CHAR(9),""),6)=LEFT(SUBSTITUTE(SUBSTITUTE(SUBSTITUTE(SUBSTITUTE(SUBSTITUTE($L5,".",""),"-","")," ","")," ",""),CHAR(9),""),6),1,0)) -> 1 | P5: =IF(OR($D5="",$L5=""),"",IF(OR(LEFT(SUBSTITUTE(SUBSTITUTE(SUBSTITUTE(SUBSTITUTE(SUBSTITUTE($D5,".",""),"-","")," ","")," ",""),CHAR(9),""),6)=LEFT(SUBSTITUTE(SUBSTITUTE(SUBSTITUTE(SUBSTITUTE(SUBSTITUTE($L5,".",""),"-","")," ","")," ",""),CHAR(9),""),6),LEFT(SUBSTITUTE(SUBSTITUTE(SUBSTITUTE(SUBSTITUTE(SUBSTITUTE($D5,".",""),"-","")," ","")," ",""),CHAR(9),""),6)=LEFT(SUBSTITUTE(SUBSTITUTE(SUBSTITUTE(SUBSTITUTE(SUBSTITUTE($M5,".",""),"-","")," ","")," ",""),CHAR(9),""),6),LEFT(SUBSTITUTE(SUBSTITUTE(SUBSTITUTE(SUBSTITUTE(SUBSTITUTE($D5,".",""),"-","")," ","")," ",""),CHAR(9),""),6)=LEFT(SUBSTITUTE(SUBSTITUTE(SUBSTITUTE(SUBSTITUTE(SUBSTITUTE($N5,".",""),"-","")," ","")," ",""),CHAR(9),""),6)),1,0)) -> 1 | R5: (집계 제외 — 재측정 대상)
A6: 2 | B6: =IF(케이스목록!$B6="","",케이스목록!$B6) -> 품목분류2과-4144 | C6: =IF(케이스목록!$E6="","",케이스목록!$E6) -> Silica sol, Methyltrimethoxysilane, 안료(Titanium dioxide, Copper chromite black spinel 등), Isopropyl alcohol, Formic acid, Water로 혼합·조제된 회색계 점조 액상. 용도: 프라이팬 등의 세라믹 코팅(제시한 카탈로그에서 경화 온도 180~300℃) | D6: =IF(케이스목록!$D6="","",케이스목록!$D6) -> 3207209000 | E6: =IF(케이스목록!$H6="","",케이스목록!$H6) -> O | F6: X | G6: X | H6: 3824999090 | I6: =IF(OR($D6="",$H6=""),"",IF(LEFT(SUBSTITUTE(SUBSTITUTE(SUBSTITUTE(SUBSTITUTE(SUBSTITUTE($D6,".",""),"-","")," ","")," ",""),CHAR(9),""),4)=LEFT(SUBSTITUTE(SUBSTITUTE(SUBSTITUTE(SUBSTITUTE(SUBSTITUTE($H6,".",""),"-","")," ","")," ",""),CHAR(9),""),4),1,0)) -> 0 | J6: =IF(OR($D6="",$H6=""),"",IF(LEFT(SUBSTITUTE(SUBSTITUTE(SUBSTITUTE(SUBSTITUTE(SUBSTITUTE($D6,".",""),"-","")," ","")," ",""),CHAR(9),""),6)=LEFT(SUBSTITUTE(SUBSTITUTE(SUBSTITUTE(SUBSTITUTE(SUBSTITUTE($H6,".",""),"-","")," ","")," ",""),CHAR(9),""),6),1,0)) -> 0 | K6: =IF(OR($D6="",$H6=""),"",IF(SUBSTITUTE(SUBSTITUTE(SUBSTITUTE(SUBSTITUTE(SUBSTITUTE($D6,".",""),"-","")," ","")," ",""),CHAR(9),"")=SUBSTITUTE(SUBSTITUTE(SUBSTITUTE(SUBSTITUTE(SUBSTITUTE($H6,".",""),"-","")," ","")," ",""),CHAR(9),""),1,0)) -> 0 | L6: 3824999090 | M6: 3209900000 | N6: 3208909000 | O6: =IF(OR($D6="",$L6=""),"",IF(LEFT(SUBSTITUTE(SUBSTITUTE(SUBSTITUTE(SUBSTITUTE(SUBSTITUTE($D6,".",""),"-","")," ","")," ",""),CHAR(9),""),6)=LEFT(SUBSTITUTE(SUBSTITUTE(SUBSTITUTE(SUBSTITUTE(SUBSTITUTE($L6,".",""),"-","")," ","")," ",""),CHAR(9),""),6),1,0)) -> 0 | P6: =IF(OR($D6="",$L6=""),"",IF(OR(LEFT(SUBSTITUTE(SUBSTITUTE(SUBSTITUTE(SUBSTITUTE(SUBSTITUTE($D6,".",""),"-","")," ","")," ",""),CHAR(9),""),6)=LEFT(SUBSTITUTE(SUBSTITUTE(SUBSTITUTE(SUBSTITUTE(SUBSTITUTE($L6,".",""),"-","")," ","")," ",""),CHAR(9),""),6),LEFT(SUBSTITUTE(SUBSTITUTE(SUBSTITUTE(SUBSTITUTE(SUBSTITUTE($D6,".",""),"-","")," ","")," ",""),CHAR(9),""),6)=LEFT(SUBSTITUTE(SUBSTITUTE(SUBSTITUTE(SUBSTITUTE(SUBSTITUTE($M6,".",""),"-","")," ","")," ",""),CHAR(9),""),6),LEFT(SUBSTITUTE(SUBSTITUTE(SUBSTITUTE(SUBSTITUTE(SUBSTITUTE($D6,".",""),"-","")," ","")," ",""),CHAR(9),""),6)=LEFT(SUBSTITUTE(SUBSTITUTE(SUBSTITUTE(SUBSTITUTE(SUBSTITUTE($N6,".",""),"-","")," ","")," ",""),CHAR(9),""),6)),1,0)) -> 0 | Q6: 호 경합 판단 오류 | R6: 물품은 정확히 이해(프라이팬 세라믹 코팅, 실란 단량체 후경화)했으나 요업·유리공업용 조제품 관점에 도달 못 함. 후보 6개 전부 32·38류에 몰리고 정답 호는 검토조차 안 됨
A7: 3 | B7: =IF(케이스목록!$B7="","",케이스목록!$B7) -> 품목분류2과-3140 | C7: =IF(케이스목록!$E7="","",케이스목록!$E7) -> 파쇄상의 녹차에 소량의 합성향과 자스민꽃을 혼합하여 수지제 팩에 소매포장한 것(내용량 150g). 용도: 온수에 침출하여 음용 | D7: =IF(케이스목록!$D7="","",케이스목록!$D7) -> 0902100000 | E7: =IF(케이스목록!$H7="","",케이스목록!$H7) -> O | F7: X | G7: X | H7: 0902101000 | I7: =IF(OR($D7="",$H7=""),"",IF(LEFT(SUBSTITUTE(SUBSTITUTE(SUBSTITUTE(SUBSTITUTE(SUBSTITUTE($D7,".",""),"-","")," ","")," ",""),CHAR(9),""),4)=LEFT(SUBSTITUTE(SUBSTITUTE(SUBSTITUTE(SUBSTITUTE(SUBSTITUTE($H7,".",""),"-","")," ","")," ",""),CHAR(9),""),4),1,0)) -> 1 | J7: =IF(OR($D7="",$H7=""),"",IF(LEFT(SUBSTITUTE(SUBSTITUTE(SUBSTITUTE(SUBSTITUTE(SUBSTITUTE($D7,".",""),"-","")," ","")," ",""),CHAR(9),""),6)=LEFT(SUBSTITUTE(SUBSTITUTE(SUBSTITUTE(SUBSTITUTE(SUBSTITUTE($H7,".",""),"-","")," ","")," ",""),CHAR(9),""),6),1,0)) -> 1 | K7: =IF(OR($D7="",$H7=""),"",IF(SUBSTITUTE(SUBSTITUTE(SUBSTITUTE(SUBSTITUTE(SUBSTITUTE($D7,".",""),"-","")," ","")," ",""),CHAR(9),"")=SUBSTITUTE(SUBSTITUTE(SUBSTITUTE(SUBSTITUTE(SUBSTITUTE($H7,".",""),"-","")," ","")," ",""),CHAR(9),""),1,0)) -> 0 | L7: 0902101000 | M7: 0902109000 | N7: 2106909099 | O7: =IF(OR($D7="",$L7=""),"",IF(LEFT(SUBSTITUTE(SUBSTITUTE(SUBSTITUTE(SUBSTITUTE(SUBSTITUTE($D7,".",""),"-","")," ","")," ",""),CHAR(9),""),6)=LEFT(SUBSTITUTE(SUBSTITUTE(SUBSTITUTE(SUBSTITUTE(SUBSTITUTE($L7,".",""),"-","")," ","")," ",""),CHAR(9),""),6),1,0)) -> 1 | P7: =IF(OR($D7="",$L7=""),"",IF(OR(LEFT(SUBSTITUTE(SUBSTITUTE(SUBSTITUTE(SUBSTITUTE(SUBSTITUTE($D7,".",""),"-","")," ","")," ",""),CHAR(9),""),6)=LEFT(SUBSTITUTE(SUBSTITUTE(SUBSTITUTE(SUBSTITUTE(SUBSTITUTE($L7,".",""),"-","")," ","")," ",""),CHAR(9),""),6),LEFT(SUBSTITUTE(SUBSTITUTE(SUBSTITUTE(SUBSTITUTE(SUBSTITUTE($D7,".",""),"-","")," ","")," ",""),CHAR(9),""),6)=LEFT(SUBSTITUTE(SUBSTITUTE(SUBSTITUTE(SUBSTITUTE(SUBSTITUTE($M7,".",""),"-","")," ","")," ",""),CHAR(9),""),6),LEFT(SUBSTITUTE(SUBSTITUTE(SUBSTITUTE(SUBSTITUTE(SUBSTITUTE($D7,".",""),"-","")," ","")," ",""),CHAR(9),""),6)=LEFT(SUBSTITUTE(SUBSTITUTE(SUBSTITUTE(SUBSTITUTE(SUBSTITUTE($N7,".",""),"-","")," ","")," ",""),CHAR(9),""),6)),1,0)) -> 1 | Q7: 한국 고유 세번(10자리) 오류 | R7: 6자리까지 정확. 향 첨가 여부로 세번이 갈리는 한국 고유 구분에서 -1000을 골랐으나 결정은 -0000
A8: 4 | B8: =IF(케이스목록!$B8="","",케이스목록!$B8) -> 품목분류1과-3731 | C8: =IF(케이스목록!$E8="","",케이스목록!$E8) -> 건담 게임용 카드 1묶음(50장), 건담 조립용 키트 3종, 설명서 2매(게임용·조립용)가 소매포장되어 제시된 물품. 카드에 표시된 공격력과 수비력을 비교해 승부를 내는 방식으로 게임을 진행함. 조립하여 완성한 미니어처 3종은 카드게임 규칙과 무관한 연출용. 업체 제시 가격비중은 카드 약 250엔, 조립키트 약 480엔 | D8: =IF(케이스목록!$D8="","",케이스목록!$D8) -> 9504400000 | E8: =IF(케이스목록!$H8="","",케이스목록!$H8) -> O | F8: X | G8: X | H8: 9504909000 | I8: =IF(OR($D8="",$H8=""),"",IF(LEFT(SUBSTITUTE(SUBSTITUTE(SUBSTITUTE(SUBSTITUTE(SUBSTITUTE($D8,".",""),"-","")," ","")," ",""),CHAR(9),""),4)=LEFT(SUBSTITUTE(SUBSTITUTE(SUBSTITUTE(SUBSTITUTE(SUBSTITUTE($H8,".",""),"-","")," ","")," ",""),CHAR(9),""),4),1,0)) -> 1 | J8: =IF(OR($D8="",$H8=""),"",IF(LEFT(SUBSTITUTE(SUBSTITUTE(SUBSTITUTE(SUBSTITUTE(SUBSTITUTE($D8,".",""),"-","")," ","")," ",""),CHAR(9),""),6)=LEFT(SUBSTITUTE(SUBSTITUTE(SUBSTITUTE(SUBSTITUTE(SUBSTITUTE($H8,".",""),"-","")," ","")," ",""),CHAR(9),""),6),1,0)) -> 0 | K8: =IF(OR($D8="",$H8=""),"",IF(SUBSTITUTE(SUBSTITUTE(SUBSTITUTE(SUBSTITUTE(SUBSTITUTE($D8,".",""),"-","")," ","")," ",""),CHAR(9),"")=SUBSTITUTE(SUBSTITUTE(SUBSTITUTE(SUBSTITUTE(SUBSTITUTE($H8,".",""),"-","")," ","")," ",""),CHAR(9),""),1,0)) -> 0 | L8: 9504909000 | M8: 9503003200 | N8: 9504400000 | O8: =IF(OR($D8="",$L8=""),"",IF(LEFT(SUBSTITUTE(SUBSTITUTE(SUBSTITUTE(SUBSTITUTE(SUBSTITUTE($D8,".",""),"-","")," ","")," ",""),CHAR(9),""),6)=LEFT(SUBSTITUTE(SUBSTITUTE(SUBSTITUTE(SUBSTITUTE(SUBSTITUTE($L8,".",""),"-","")," ","")," ",""),CHAR(9),""),6),1,0)) -> 0 | P8: =IF(OR($D8="",$L8=""),"",IF(OR(LEFT(SUBSTITUTE(SUBSTITUTE(SUBSTITUTE(SUBSTITUTE(SUBSTITUTE($D8,".",""),"-","")," ","")," ",""),CHAR(9),""),6)=LEFT(SUBSTITUTE(SUBSTITUTE(SUBSTITUTE(SUBSTITUTE(SUBSTITUTE($L8,".",""),"-","")," ","")," ",""),CHAR(9),""),6),LEFT(SUBSTITUTE(SUBSTITUTE(SUBSTITUTE(SUBSTITUTE(SUBSTITUTE($D8,".",""),"-","")," ","")," ",""),CHAR(9),""),6)=LEFT(SUBSTITUTE(SUBSTITUTE(SUBSTITUTE(SUBSTITUTE(SUBSTITUTE($M8,".",""),"-","")," ","")," ",""),CHAR(9),""),6),LEFT(SUBSTITUTE(SUBSTITUTE(SUBSTITUTE(SUBSTITUTE(SUBSTITUTE($D8,".",""),"-","")," ","")," ",""),CHAR(9),""),6)=LEFT(SUBSTITUTE(SUBSTITUTE(SUBSTITUTE(SUBSTITUTE(SUBSTITUTE($N8,".",""),"-","")," ","")," ",""),CHAR(9),""),6)),1,0)) -> 1 | Q8: 세트물품 통칙 적용 오류 | R8: 상세 설명의 조립키트 비중(480엔>250엔) 정보에 끌려 기타 오락용품으로 감. 조건B에서는 정답을 맞혔으므로 정보가 오히려 방해로 작용
A9: 5 | B9: =IF(케이스목록!$B9="","",케이스목록!$B9) -> 품목분류2과-31881 | C9: =IF(케이스목록!$E9="","",케이스목록!$E9) -> 아지드화나트륨(Sodium azide, CAS No. 26628-22-8) 0.1% 미만을 물에 용해한 무색투명한 액상을 플라스틱 용기에 소매포장한 것(내용량 3,300ml). 용도: 시험용 검체 주입 간 검체 바늘 및 컬럼 세척 등 | D9: =IF(케이스목록!$D9="","",케이스목록!$D9) -> 2850003000 | E9: =IF(케이스목록!$H9="","",케이스목록!$H9) -> O | F9: X | G9: X | H9: 3822199000 | I9: =IF(OR($D9="",$H9=""),"",IF(LEFT(SUBSTITUTE(SUBSTITUTE(SUBSTITUTE(SUBSTITUTE(SUBSTITUTE($D9,".",""),"-","")," ","")," ",""),CHAR(9),""),4)=LEFT(SUBSTITUTE(SUBSTITUTE(SUBSTITUTE(SUBSTITUTE(SUBSTITUTE($H9,".",""),"-","")," ","")," ",""),CHAR(9),""),4),1,0)) -> 0 | J9: =IF(OR($D9="",$H9=""),"",IF(LEFT(SUBSTITUTE(SUBSTITUTE(SUBSTITUTE(SUBSTITUTE(SUBSTITUTE($D9,".",""),"-","")," ","")," ",""),CHAR(9),""),6)=LEFT(SUBSTITUTE(SUBSTITUTE(SUBSTITUTE(SUBSTITUTE(SUBSTITUTE($H9,".",""),"-","")," ","")," ",""),CHAR(9),""),6),1,0)) -> 0 | K9: =IF(OR($D9="",$H9=""),"",IF(SUBSTITUTE(SUBSTITUTE(SUBSTITUTE(SUBSTITUTE(SUBSTITUTE($D9,".",""),"-","")," ","")," ",""),CHAR(9),"")=SUBSTITUTE(SUBSTITUTE(SUBSTITUTE(SUBSTITUTE(SUBSTITUTE($H9,".",""),"-","")," ","")," ",""),CHAR(9),""),1,0)) -> 0 | L9: 3822199000 | M9: 2850001000 | N9: 3824999090 | O9: =IF(OR($D9="",$L9=""),"",IF(LEFT(SUBSTITUTE(SUBSTITUTE(SUBSTITUTE(SUBSTITUTE(SUBSTITUTE($D9,".",""),"-","")," ","")," ",""),CHAR(9),""),6)=LEFT(SUBSTITUTE(SUBSTITUTE(SUBSTITUTE(SUBSTITUTE(SUBSTITUTE($L9,".",""),"-","")," ","")," ",""),CHAR(9),""),6),1,0)) -> 0 | P9: =IF(OR($D9="",$L9=""),"",IF(OR(LEFT(SUBSTITUTE(SUBSTITUTE(SUBSTITUTE(SUBSTITUTE(SUBSTITUTE($D9,".",""),"-","")," ","")," ",""),CHAR(9),""),6)=LEFT(SUBSTITUTE(SUBSTITUTE(SUBSTITUTE(SUBSTITUTE(SUBSTITUTE($L9,".",""),"-","")," ","")," ",""),CHAR(9),""),6),LEFT(SUBSTITUTE(SUBSTITUTE(SUBSTITUTE(SUBSTITUTE(SUBSTITUTE($D9,".",""),"-","")," ","")," ",""),CHAR(9),""),6)=LEFT(SUBSTITUTE(SUBSTITUTE(SUBSTITUTE(SUBSTITUTE(SUBSTITUTE($M9,".",""),"-","")," ","")," ",""),CHAR(9),""),6),LEFT(SUBSTITUTE(SUBSTITUTE(SUBSTITUTE(SUBSTITUTE(SUBSTITUTE($D9,".",""),"-","")," ","")," ",""),CHAR(9),""),6)=LEFT(SUBSTITUTE(SUBSTITUTE(SUBSTITUTE(SUBSTITUTE(SUBSTITUTE($N9,".",""),"-","")," ","")," ",""),CHAR(9),""),6)),1,0)) -> 1 | Q9: 호 경합 판단 오류 | R9: 수용액이라는 이유로 단일 화합물이 아니라 보고 곧바로 38류 시약으로 감. 28류 주 제1호의 용매 용해 허용 규정을 적용하지 못함
A10: 6 | B10: =IF(케이스목록!$B10="","",케이스목록!$B10) -> 품목분류3과-3310 | C10: =IF(케이스목록!$E10="","",케이스목록!$E10) -> ㅇ 실리콘(Silicone) 재질의 호스 또는 PTFE(Polytetrafluoroethylene) 재질의 호스로서, 양 끝단에는 스테인리스 스틸 연결구가 부착됨 - (용도) 유체 이송(배지, 약액, 최종원액 등)용으로 제약(백신) 제조공정*의 여러 장비**에 연결되어 사용됨 * 세포에서 항체를 만들고, 불순물과 바이러스를 제거한 뒤 농축‧조성 조정을 거쳐 최종 용기에 무균 충전하는 공정 ** Chromatography skid, Virus filter skid, UF/DF skid, Filling station ㅇ SXW : 약 길이 1200㎜, 직경 48㎜, 파열압 0.345 ∼ 1.03(㎫), 실리콘재질, 스테인리스 스틸 와이어로 보강됨 ※ 제조사 홈페이지: “의약품, 화장품 및 식품이송에 적합” | D10: =IF(케이스목록!$D10="","",케이스목록!$D10) -> 3917399000 | E10: =IF(케이스목록!$H10="","",케이스목록!$H10) -> O | F10: X | G10: X | H10: 3917.39-9000 | I10: =IF(OR($D10="",$H10=""),"",IF(LEFT(SUBSTITUTE(SUBSTITUTE(SUBSTITUTE(SUBSTITUTE(SUBSTITUTE($D10,".",""),"-","")," ","")," ",""),CHAR(9),""),4)=LEFT(SUBSTITUTE(SUBSTITUTE(SUBSTITUTE(SUBSTITUTE(SUBSTITUTE($H10,".",""),"-","")," ","")," ",""),CHAR(9),""),4),1,0)) -> 1 | J10: =IF(OR($D10="",$H10=""),"",IF(LEFT(SUBSTITUTE(SUBSTITUTE(SUBSTITUTE(SUBSTITUTE(SUBSTITUTE($D10,".",""),"-","")," ","")," ",""),CHAR(9),""),6)=LEFT(SUBSTITUTE(SUBSTITUTE(SUBSTITUTE(SUBSTITUTE(SUBSTITUTE($H10,".",""),"-","")," ","")," ",""),CHAR(9),""),6),1,0)) -> 1 | K10: =IF(OR($D10="",$H10=""),"",IF(SUBSTITUTE(SUBSTITUTE(SUBSTITUTE(SUBSTITUTE(SUBSTITUTE($D10,".",""),"-","")," ","")," ",""),CHAR(9),"")=SUBSTITUTE(SUBSTITUTE(SUBSTITUTE(SUBSTITUTE(SUBSTITUTE($H10,".",""),"-","")," ","")," ",""),CHAR(9),""),1,0)) -> 1 | L10: 3917.39-9000 | M10: 3917.33-9000 | N10: 8421.99-9090 | O10: =IF(OR($D10="",$L10=""),"",IF(LEFT(SUBSTITUTE(SUBSTITUTE(SUBSTITUTE(SUBSTITUTE(SUBSTITUTE($D10,".",""),"-","")," ","")," ",""),CHAR(9),""),6)=LEFT(SUBSTITUTE(SUBSTITUTE(SUBSTITUTE(SUBSTITUTE(SUBSTITUTE($L10,".",""),"-","")," ","")," ",""),CHAR(9),""),6),1,0)) -> 1 | P10: =IF(OR($D10="",$L10=""),"",IF(OR(LEFT(SUBSTITUTE(SUBSTITUTE(SUBSTITUTE(SUBSTITUTE(SUBSTITUTE($D10,".",""),"-","")," ","")," ",""),CHAR(9),""),6)=LEFT(SUBSTITUTE(SUBSTITUTE(SUBSTITUTE(SUBSTITUTE(SUBSTITUTE($L10,".",""),"-","")," ","")," ",""),CHAR(9),""),6),LEFT(SUBSTITUTE(SUBSTITUTE(SUBSTITUTE(SUBSTITUTE(SUBSTITUTE($D10,".",""),"-","")," ","")," ",""),CHAR(9),""),6)=LEFT(SUBSTITUTE(SUBSTITUTE(SUBSTITUTE(SUBSTITUTE(SUBSTITUTE($M10,".",""),"-","")," ","")," ",""),CHAR(9),""),6),LEFT(SUBSTITUTE(SUBSTITUTE(SUBSTITUTE(SUBSTITUTE(SUBSTITUTE($D10,".",""),"-","")," ","")," ",""),CHAR(9),""),6)=LEFT(SUBSTITUTE(SUBSTITUTE(SUBSTITUTE(SUBSTITUTE(SUBSTITUTE($N10,".",""),"-","")," ","")," ",""),CHAR(9),""),6)),1,0)) -> 1
A11: 7 | B11: =IF(케이스목록!$B11="","",케이스목록!$B11) -> 품목분류3과-3040 | C11: =IF(케이스목록!$E11="","",케이스목록!$E11) -> ㅇ 물품개요 - 화장품 CUSHION COMPACT 용기를 구성하는 ① 외용기, ② 내용기, ③ 매쉬링(리드씰 포함)이 미조립 상태로 제시, 각 구성요소를 결합하면 케이스 완성품이 됨 (파운데이션 내용물 미포함) - 구성요소는 각 개별박스에 벌크 포장된 형태로 함께 제시 - 구성요소 ① 외용기(ABS, AS, GLASS) : 내부에 거울이 부착된 화장품 외부 용기 ② 내용기(PP) : 화장품(파운데이션)을 담는 내부 용기 ③ 매쉬링(리드씰 포함)(NYLON, PP/PE, AL) : 화장품이 균일하게 도포되도록 돕는 매쉬망과 고정링에 제품보호용 씰(제거후 사용)이 부착됨 ㅇ 수입 후 제조공정 - 원료 칭량(Weighing) → 교반 → 믹싱 → 내용기 충전(몰드진입, 용기공급, 충전, 매쉬망, 실링, 라벨링, 배출) → 외용기 결합 → 포장 | D11: =IF(케이스목록!$D11="","",케이스목록!$D11) -> 3923100000 | E11: =IF(케이스목록!$H11="","",케이스목록!$H11) -> O | F11: X | G11: X | H11: 3923.90-0000 | I11: =IF(OR($D11="",$H11=""),"",IF(LEFT(SUBSTITUTE(SUBSTITUTE(SUBSTITUTE(SUBSTITUTE(SUBSTITUTE($D11,".",""),"-","")," ","")," ",""),CHAR(9),""),4)=LEFT(SUBSTITUTE(SUBSTITUTE(SUBSTITUTE(SUBSTITUTE(SUBSTITUTE($H11,".",""),"-","")," ","")," ",""),CHAR(9),""),4),1,0)) -> 1 | J11: =IF(OR($D11="",$H11=""),"",IF(LEFT(SUBSTITUTE(SUBSTITUTE(SUBSTITUTE(SUBSTITUTE(SUBSTITUTE($D11,".",""),"-","")," ","")," ",""),CHAR(9),""),6)=LEFT(SUBSTITUTE(SUBSTITUTE(SUBSTITUTE(SUBSTITUTE(SUBSTITUTE($H11,".",""),"-","")," ","")," ",""),CHAR(9),""),6),1,0)) -> 0 | K11: =IF(OR($D11="",$H11=""),"",IF(SUBSTITUTE(SUBSTITUTE(SUBSTITUTE(SUBSTITUTE(SUBSTITUTE($D11,".",""),"-","")," ","")," ",""),CHAR(9),"")=SUBSTITUTE(SUBSTITUTE(SUBSTITUTE(SUBSTITUTE(SUBSTITUTE($H11,".",""),"-","")," ","")," ",""),CHAR(9),""),1,0)) -> 0 | L11: 3923.90-0000 | M11: 3926.90-9000 | N11: 3923.30-0000 | O11: =IF(OR($D11="",$L11=""),"",IF(LEFT(SUBSTITUTE(SUBSTITUTE(SUBSTITUTE(SUBSTITUTE(SUBSTITUTE($D11,".",""),"-","")," ","")," ",""),CHAR(9),""),6)=LEFT(SUBSTITUTE(SUBSTITUTE(SUBSTITUTE(SUBSTITUTE(SUBSTITUTE($L11,".",""),"-","")," ","")," ",""),CHAR(9),""),6),1,0)) -> 0 | P11: =IF(OR($D11="",$L11=""),"",IF(OR(LEFT(SUBSTITUTE(SUBSTITUTE(SUBSTITUTE(SUBSTITUTE(SUBSTITUTE($D11,".",""),"-","")," ","")," ",""),CHAR(9),""),6)=LEFT(SUBSTITUTE(SUBSTITUTE(SUBSTITUTE(SUBSTITUTE(SUBSTITUTE($L11,".",""),"-","")," ","")," ",""),CHAR(9),""),6),LEFT(SUBSTITUTE(SUBSTITUTE(SUBSTITUTE(SUBSTITUTE(SUBSTITUTE($D11,".",""),"-","")," ","")," ",""),CHAR(9),""),6)=LEFT(SUBSTITUTE(SUBSTITUTE(SUBSTITUTE(SUBSTITUTE(SUBSTITUTE($M11,".",""),"-","")," ","")," ",""),CHAR(9),""),6),LEFT(SUBSTITUTE(SUBSTITUTE(SUBSTITUTE(SUBSTITUTE(SUBSTITUTE($D11,".",""),"-","")," ","")," ",""),CHAR(9),""),6)=LEFT(SUBSTITUTE(SUBSTITUTE(SUBSTITUTE(SUBSTITUTE(SUBSTITUTE($N11,".",""),"-","")," ","")," ",""),CHAR(9),""),6)),1,0)) -> 0 | Q11: 세트물품 통칙 적용 오류
A12: 8 | B12: =IF(케이스목록!$B12="","",케이스목록!$B12) -> 품목분류4과-1253 | C12: =IF(케이스목록!$E12="","",케이스목록!$E12) -> ㅇ (개요) ① Polyurethane acrylate*(우레탄계 프리폴리머) 35~40%, ② 2-Propenoic acid reaction products with pentaerythritol(미반응원료) 10~15%, ③ Ethoxylated pentaerythritol tetraacrylate(점도조정제, 희석제) 50%로 구성된 무색투명한 점조액상 * 성분명 : 2-[[(1-Oxo-2-propenyl)oxy]methyl]-2-[[[[[[1,3,3-trimethyl-5- [[[3-[(1-oxo-2-propenyl)oxy]-2,2-bis[[(1-oxo-2-propenyl)oxy]methyl]propoxy]carbonyl]amino]cyclohexyl]methyl]amino]carbonyl]oxy]methyl]-1,3-propanediyl 2-propenoate ㅇ (제조공정) 원료 투입 → 반응 → 여과 및 포장 ㅇ (원료) | D12: =IF(케이스목록!$D12="","",케이스목록!$D12) -> 3909500000 | E12: =IF(케이스목록!$H12="","",케이스목록!$H12) -> O | F12: X | G12: X | H12: 3909.50-0000 | I12: =IF(OR($D12="",$H12=""),"",IF(LEFT(SUBSTITUTE(SUBSTITUTE(SUBSTITUTE(SUBSTITUTE(SUBSTITUTE($D12,".",""),"-","")," ","")," ",""),CHAR(9),""),4)=LEFT(SUBSTITUTE(SUBSTITUTE(SUBSTITUTE(SUBSTITUTE(SUBSTITUTE($H12,".",""),"-","")," ","")," ",""),CHAR(9),""),4),1,0)) -> 1 | J12: =IF(OR($D12="",$H12=""),"",IF(LEFT(SUBSTITUTE(SUBSTITUTE(SUBSTITUTE(SUBSTITUTE(SUBSTITUTE($D12,".",""),"-","")," ","")," ",""),CHAR(9),""),6)=LEFT(SUBSTITUTE(SUBSTITUTE(SUBSTITUTE(SUBSTITUTE(SUBSTITUTE($H12,".",""),"-","")," ","")," ",""),CHAR(9),""),6),1,0)) -> 1 | K12: =IF(OR($D12="",$H12=""),"",IF(SUBSTITUTE(SUBSTITUTE(SUBSTITUTE(SUBSTITUTE(SUBSTITUTE($D12,".",""),"-","")," ","")," ",""),CHAR(9),"")=SUBSTITUTE(SUBSTITUTE(SUBSTITUTE(SUBSTITUTE(SUBSTITUTE($H12,".",""),"-","")," ","")," ",""),CHAR(9),""),1,0)) -> 1 | L12: 3909.50-0000 | M12: 3906.90-9000 | N12: 3824.99-9090 | O12: =IF(OR($D12="",$L12=""),"",IF(LEFT(SUBSTITUTE(SUBSTITUTE(SUBSTITUTE(SUBSTITUTE(SUBSTITUTE($D12,".",""),"-","")," ","")," ",""),CHAR(9),""),6)=LEFT(SUBSTITUTE(SUBSTITUTE(SUBSTITUTE(SUBSTITUTE(SUBSTITUTE($L12,".",""),"-","")," ","")," ",""),CHAR(9),""),6),1,0)) -> 1 | P12: =IF(OR($D12="",$L12=""),"",IF(OR(LEFT(SUBSTITUTE(SUBSTITUTE(SUBSTITUTE(SUBSTITUTE(SUBSTITUTE($D12,".",""),"-","")," ","")," ",""),CHAR(9),""),6)=LEFT(SUBSTITUTE(SUBSTITUTE(SUBSTITUTE(SUBSTITUTE(SUBSTITUTE($L12,".",""),"-","")," ","")," ",""),CHAR(9),""),6),LEFT(SUBSTITUTE(SUBSTITUTE(SUBSTITUTE(SUBSTITUTE(SUBSTITUTE($D12,".",""),"-","")," ","")," ",""),CHAR(9),""),6)=LEFT(SUBSTITUTE(SUBSTITUTE(SUBSTITUTE(SUBSTITUTE(SUBSTITUTE($M12,".",""),"-","")," ","")," ",""),CHAR(9),""),6),LEFT(SUBSTITUTE(SUBSTITUTE(SUBSTITUTE(SUBSTITUTE(SUBSTITUTE($D12,".",""),"-","")," ","")," ",""),CHAR(9),""),6)=LEFT(SUBSTITUTE(SUBSTITUTE(SUBSTITUTE(SUBSTITUTE(SUBSTITUTE($N12,".",""),"-","")," ","")," ",""),CHAR(9),""),6)),1,0)) -> 1
A13: 9 | B13: =IF(케이스목록!$B13="","",케이스목록!$B13) -> 품목분류4과-1933 | C13: =IF(케이스목록!$E13="","",케이스목록!$E13) -> ㅇ 물품개요 - 안건 물품은 선박의 기관실 등에서 화재 발생시 화재감지 신호에 따라 펌프가 작동하여 물을 미립화하여 고압으로 분무함으로써 화재를 진압하는 화재 진압 시스템(소화수 탱크는 미제시됨) ㅇ 용도 : 선박 기관실(주기관, 발전기, 보일러 등 고위험 설비)내의 화재 방호 ㅇ 작동원리 : 물 입자를 미분무수화하여 표면적을 증가시키고 열을 흡수함과 동시에 물의 증발을 최대화하여 냉각 효과로 소화 ㅇ 주요 구성요소 및 기능 - 펌프 : 화재 발생시 노즐로 소화수를 전달 - 컨트롤판넬 : 시스템 제어 및 상태관리 - 미분수 노즐 : 소화수(물)를 분사하여 화재를 진압하는 장치 - 배관 및 밸브 : 제어 신호에 따라 소화수 공급 및 배관 라인 개폐 - 화재감지기 : 화재 발생시 연기, 열, 화염 등을 감지하여 컨트롤판넬로 전달 - (미제시) 소화수 탱크 : 소화수를 저장하는 장치이며 펌프와 배관으로 연결 | D13: =IF(케이스목록!$D13="","",케이스목록!$D13) -> 8424899000 | E13: =IF(케이스목록!$H13="","",케이스목록!$H13) -> O | F13: X | G13: X | H13: 8424.89-9000 | I13: =IF(OR($D13="",$H13=""),"",IF(LEFT(SUBSTITUTE(SUBSTITUTE(SUBSTITUTE(SUBSTITUTE(SUBSTITUTE($D13,".",""),"-","")," ","")," ",""),CHAR(9),""),4)=LEFT(SUBSTITUTE(SUBSTITUTE(SUBSTITUTE(SUBSTITUTE(SUBSTITUTE($H13,".",""),"-","")," ","")," ",""),CHAR(9),""),4),1,0)) -> 1 | J13: =IF(OR($D13="",$H13=""),"",IF(LEFT(SUBSTITUTE(SUBSTITUTE(SUBSTITUTE(SUBSTITUTE(SUBSTITUTE($D13,".",""),"-","")," ","")," ",""),CHAR(9),""),6)=LEFT(SUBSTITUTE(SUBSTITUTE(SUBSTITUTE(SUBSTITUTE(SUBSTITUTE($H13,".",""),"-","")," ","")," ",""),CHAR(9),""),6),1,0)) -> 1 | K13: =IF(OR($D13="",$H13=""),"",IF(SUBSTITUTE(SUBSTITUTE(SUBSTITUTE(SUBSTITUTE(SUBSTITUTE($D13,".",""),"-","")," ","")," ",""),CHAR(9),"")=SUBSTITUTE(SUBSTITUTE(SUBSTITUTE(SUBSTITUTE(SUBSTITUTE($H13,".",""),"-","")," ","")," ",""),CHAR(9),""),1,0)) -> 1 | L13: 8424.89-9000 | M13: 8424.10-0000 | N13: 8424.90-9000 | O13: =IF(OR($D13="",$L13=""),"",IF(LEFT(SUBSTITUTE(SUBSTITUTE(SUBSTITUTE(SUBSTITUTE(SUBSTITUTE($D13,".",""),"-","")," ","")," ",""),CHAR(9),""),6)=LEFT(SUBSTITUTE(SUBSTITUTE(SUBSTITUTE(SUBSTITUTE(SUBSTITUTE($L13,".",""),"-","")," ","")," ",""),CHAR(9),""),6),1,0)) -> 1 | P13: =IF(OR($D13="",$L13=""),"",IF(OR(LEFT(SUBSTITUTE(SUBSTITUTE(SUBSTITUTE(SUBSTITUTE(SUBSTITUTE($D13,".",""),"-","")," ","")," ",""),CHAR(9),""),6)=LEFT(SUBSTITUTE(SUBSTITUTE(SUBSTITUTE(SUBSTITUTE(SUBSTITUTE($L13,".",""),"-","")," ","")," ",""),CHAR(9),""),6),LEFT(SUBSTITUTE(SUBSTITUTE(SUBSTITUTE(SUBSTITUTE(SUBSTITUTE($D13,".",""),"-","")," ","")," ",""),CHAR(9),""),6)=LEFT(SUBSTITUTE(SUBSTITUTE(SUBSTITUTE(SUBSTITUTE(SUBSTITUTE($M13,".",""),"-","")," ","")," ",""),CHAR(9),""),6),LEFT(SUBSTITUTE(SUBSTITUTE(SUBSTITUTE(SUBSTITUTE(SUBSTITUTE($D13,".",""),"-","")," ","")," ",""),CHAR(9),""),6)=LEFT(SUBSTITUTE(SUBSTITUTE(SUBSTITUTE(SUBSTITUTE(SUBSTITUTE($N13,".",""),"-","")," ","")," ",""),CHAR(9),""),6)),1,0)) -> 1
A14: 10 | B14: =IF(케이스목록!$B14="","",케이스목록!$B14) -> 품목분류3과-3871 | C14: =IF(케이스목록!$E14="","",케이스목록!$E14) -> ㅇ 물품 개요 - 반도체 세정장비*(SU-3200)에 사용되는 산업용 컴퓨터로 제어 프로그램이 설치되어 수입 * 반도체 제조공정 중 발생한 Wafer 표면의 각종 이물질을 화공약품을 이용하여 제거 ㅇ 기능 및 용도: 장비 전체 운영의 중앙 제어, 장비 상태 모니터링 및 보호, 데이터 수집 및 로깅, 장비 최적화·스케줄링 기능, 보안·사용자 권한 관리, 서브 시스템과의 통신 및 제어 명령 분배 ㅇ 일반 프로그램 설치 가능 여부 - 신청 물품은 Windows 운영체제가 설치된 산업용 컴퓨터로서, 일반 PC와 동일하게 다양한 프로그램의 설치 및 실행이 가능하며, 프로그램 설치와 관련된 기술적 제한 없음 ㅇ 제어 방식: 신청 물품이 장치 운용을 위한 명령*을 VME Controller에 지시 → VME Controller는 다시 각 모듈**에 동작***을 지시 → 모듈 수행에 따른 각종 데이터를 다시 VME Controller가 취합 후 신청 물품으로 송부 * 사용자 입력 및 시스템 조건에 따른 장비의 가동, 정지, 중단 ** 로봇 컨트톨러, 반송 장치, 챔버, 밸브, 센서 등 *** 로봇 동작(Move, Pick up, Place 등), Motor/Pump 제어(위치, 속도 관련 정보) 등 | D14: =IF(케이스목록!$D14="","",케이스목록!$D14) -> 8471501000 | E14: =IF(케이스목록!$H14="","",케이스목록!$H14) -> O | F14: X | G14: X | H14: 8471.50-9000 | I14: =IF(OR($D14="",$H14=""),"",IF(LEFT(SUBSTITUTE(SUBSTITUTE(SUBSTITUTE(SUBSTITUTE(SUBSTITUTE($D14,".",""),"-","")," ","")," ",""),CHAR(9),""),4)=LEFT(SUBSTITUTE(SUBSTITUTE(SUBSTITUTE(SUBSTITUTE(SUBSTITUTE($H14,".",""),"-","")," ","")," ",""),CHAR(9),""),4),1,0)) -> 1 | J14: =IF(OR($D14="",$H14=""),"",IF(LEFT(SUBSTITUTE(SUBSTITUTE(SUBSTITUTE(SUBSTITUTE(SUBSTITUTE($D14,".",""),"-","")," ","")," ",""),CHAR(9),""),6)=LEFT(SUBSTITUTE(SUBSTITUTE(SUBSTITUTE(SUBSTITUTE(SUBSTITUTE($H14,".",""),"-","")," ","")," ",""),CHAR(9),""),6),1,0)) -> 1 | K14: =IF(OR($D14="",$H14=""),"",IF(SUBSTITUTE(SUBSTITUTE(SUBSTITUTE(SUBSTITUTE(SUBSTITUTE($D14,".",""),"-","")," ","")," ",""),CHAR(9),"")=SUBSTITUTE(SUBSTITUTE(SUBSTITUTE(SUBSTITUTE(SUBSTITUTE($H14,".",""),"-","")," ","")," ",""),CHAR(9),""),1,0)) -> 0 | L14: 8471.50-9000 | M14: 8486.90-3020 | N14: 8537.10-9000 | O14: =IF(OR($D14="",$L14=""),"",IF(LEFT(SUBSTITUTE(SUBSTITUTE(SUBSTITUTE(SUBSTITUTE(SUBSTITUTE($D14,".",""),"-","")," ","")," ",""),CHAR(9),""),6)=LEFT(SUBSTITUTE(SUBSTITUTE(SUBSTITUTE(SUBSTITUTE(SUBSTITUTE($L14,".",""),"-","")," ","")," ",""),CHAR(9),""),6),1,0)) -> 1 | P14: =IF(OR($D14="",$L14=""),"",IF(OR(LEFT(SUBSTITUTE(SUBSTITUTE(SUBSTITUTE(SUBSTITUTE(SUBSTITUTE($D14,".",""),"-","")," ","")," ",""),CHAR(9),""),6)=LEFT(SUBSTITUTE(SUBSTITUTE(SUBSTITUTE(SUBSTITUTE(SUBSTITUTE($L14,".",""),"-","")," ","")," ",""),CHAR(9),""),6),LEFT(SUBSTITUTE(SUBSTITUTE(SUBSTITUTE(SUBSTITUTE(SUBSTITUTE($D14,".",""),"-","")," ","")," ",""),CHAR(9),""),6)=LEFT(SUBSTITUTE(SUBSTITUTE(SUBSTITUTE(SUBSTITUTE(SUBSTITUTE($M14,".",""),"-","")," ","")," ",""),CHAR(9),""),6),LEFT(SUBSTITUTE(SUBSTITUTE(SUBSTITUTE(SUBSTITUTE(SUBSTITUTE($D14,".",""),"-","")," ","")," ",""),CHAR(9),""),6)=LEFT(SUBSTITUTE(SUBSTITUTE(SUBSTITUTE(SUBSTITUTE(SUBSTITUTE($N14,".",""),"-","")," ","")," ",""),CHAR(9),""),6)),1,0)) -> 1 | Q14: 한국 고유 세번(10자리) 오류
A15: 11 | B15: =IF(케이스목록!$B15="","",케이스목록!$B15) -> 품목분류2과-1654 | C15: =IF(케이스목록!$E15="","",케이스목록!$E15) -> ㅇ 물품개요 - 수소처리된 경질 나프타[Naphtha(petroleum), hydrotreated light] (85%~95%), 방향족 탄화수소 혼합물* (1%~10%)을 혼합한 무색 투명한 액상[비방향족 성분 중량이 방향족 성분 중량을 초과, ISO 3405방법으로 210℃에서 90%이상 증류] * Mixed xylene : 에틸벤젠(Ethylbenzene) 50~60%, 크실렌(Xylene) 40~50% - 용도: 산업용 용제 | D15: =IF(케이스목록!$D15="","",케이스목록!$D15) -> 2710129000 | E15: =IF(케이스목록!$H15="","",케이스목록!$H15) -> O | F15: X | G15: X | H15: 2710.12-4000 | I15: =IF(OR($D15="",$H15=""),"",IF(LEFT(SUBSTITUTE(SUBSTITUTE(SUBSTITUTE(SUBSTITUTE(SUBSTITUTE($D15,".",""),"-","")," ","")," ",""),CHAR(9),""),4)=LEFT(SUBSTITUTE(SUBSTITUTE(SUBSTITUTE(SUBSTITUTE(SUBSTITUTE($H15,".",""),"-","")," ","")," ",""),CHAR(9),""),4),1,0)) -> 1 | J15: =IF(OR($D15="",$H15=""),"",IF(LEFT(SUBSTITUTE(SUBSTITUTE(SUBSTITUTE(SUBSTITUTE(SUBSTITUTE($D15,".",""),"-","")," ","")," ",""),CHAR(9),""),6)=LEFT(SUBSTITUTE(SUBSTITUTE(SUBSTITUTE(SUBSTITUTE(SUBSTITUTE($H15,".",""),"-","")," ","")," ",""),CHAR(9),""),6),1,0)) -> 1 | K15: =IF(OR($D15="",$H15=""),"",IF(SUBSTITUTE(SUBSTITUTE(SUBSTITUTE(SUBSTITUTE(SUBSTITUTE($D15,".",""),"-","")," ","")," ",""),CHAR(9),"")=SUBSTITUTE(SUBSTITUTE(SUBSTITUTE(SUBSTITUTE(SUBSTITUTE($H15,".",""),"-","")," ","")," ",""),CHAR(9),""),1,0)) -> 0 | L15: 2710.12-4000 | M15: 2710.12-3000 | N15: 2710.12-9000 | O15: =IF(OR($D15="",$L15=""),"",IF(LEFT(SUBSTITUTE(SUBSTITUTE(SUBSTITUTE(SUBSTITUTE(SUBSTITUTE($D15,".",""),"-","")," ","")," ",""),CHAR(9),""),6)=LEFT(SUBSTITUTE(SUBSTITUTE(SUBSTITUTE(SUBSTITUTE(SUBSTITUTE($L15,".",""),"-","")," ","")," ",""),CHAR(9),""),6),1,0)) -> 1 | P15: =IF(OR($D15="",$L15=""),"",IF(OR(LEFT(SUBSTITUTE(SUBSTITUTE(SUBSTITUTE(SUBSTITUTE(SUBSTITUTE($D15,".",""),"-","")," ","")," ",""),CHAR(9),""),6)=LEFT(SUBSTITUTE(SUBSTITUTE(SUBSTITUTE(SUBSTITUTE(SUBSTITUTE($L15,".",""),"-","")," ","")," ",""),CHAR(9),""),6),LEFT(SUBSTITUTE(SUBSTITUTE(SUBSTITUTE(SUBSTITUTE(SUBSTITUTE($D15,".",""),"-","")," ","")," ",""),CHAR(9),""),6)=LEFT(SUBSTITUTE(SUBSTITUTE(SUBSTITUTE(SUBSTITUTE(SUBSTITUTE($M15,".",""),"-","")," ","")," ",""),CHAR(9),""),6),LEFT(SUBSTITUTE(SUBSTITUTE(SUBSTITUTE(SUBSTITUTE(SUBSTITUTE($D15,".",""),"-","")," ","")," ",""),CHAR(9),""),6)=LEFT(SUBSTITUTE(SUBSTITUTE(SUBSTITUTE(SUBSTITUTE(SUBSTITUTE($N15,".",""),"-","")," ","")," ",""),CHAR(9),""),6)),1,0)) -> 1
A16: 12 | B16: =IF(케이스목록!$B16="","",케이스목록!$B16) -> 품목분류2과-1460 | C16: =IF(케이스목록!$E16="","",케이스목록!$E16) -> ㅇ 물품개요 - 원상의 생강을 끓는 물에 담가 세척하고 절단하여 설탕 시럽(끓는 물에 설탕을 녹여 만든 시럽을 용기 3개에 담은 후 순차적으로 침적)에 침적한 후 잔류 시럽을 배출한 생강 채 50%에 설탕 50%를 넣어 포장하여 냉동한 것 - 용도 : 식용(생강차 제조용) - 분석결과 ▪시료 : 수분 약 36.9% ①자당 약 56% ②자당 약 50% / 시럽 자당 약 59% ▪생강(미 농무성) : 수분 78.9%, 당 1.7% - 제조공정 원상의 생강 ⇒ 세척(끓는 물에 담금/살균 및 전분 제거) ⇒ 채 썰기 ⇒ 설탕 시럽에 3회 침적(끓는 물에 설탕을 녹여 만든 시럽을 용기* 3개에 나눠 담은 후 생강 채를 각 시럽에 순차적으로 침적) ⇒ 시럽 배출 ⇒ 설탕 혼합 ⇒ 포장 ⇒ 냉동 ※ 생강 채를 시럽에 넣어 끓이지 않는 이유 - 생강 채를 설탕 시럽에 담근 상태에서 끓이면 생강의 형태를 유지하기 어렵기 때문에, 생강 형상을 최대한 유지하기 위해 끓는 물에 설탕을 녹여 만든 시럽에 침적하는 방식으로 제조 | D16: =IF(케이스목록!$D16="","",케이스목록!$D16) -> 2008999000 | E16: =IF(케이스목록!$H16="","",케이스목록!$H16) -> O | F16: X | G16: X | H16: 2006.00-9000 | I16: =IF(OR($D16="",$H16=""),"",IF(LEFT(SUBSTITUTE(SUBSTITUTE(SUBSTITUTE(SUBSTITUTE(SUBSTITUTE($D16,".",""),"-","")," ","")," ",""),CHAR(9),""),4)=LEFT(SUBSTITUTE(SUBSTITUTE(SUBSTITUTE(SUBSTITUTE(SUBSTITUTE($H16,".",""),"-","")," ","")," ",""),CHAR(9),""),4),1,0)) -> 0 | J16: =IF(OR($D16="",$H16=""),"",IF(LEFT(SUBSTITUTE(SUBSTITUTE(SUBSTITUTE(SUBSTITUTE(SUBSTITUTE($D16,".",""),"-","")," ","")," ",""),CHAR(9),""),6)=LEFT(SUBSTITUTE(SUBSTITUTE(SUBSTITUTE(SUBSTITUTE(SUBSTITUTE($H16,".",""),"-","")," ","")," ",""),CHAR(9),""),6),1,0)) -> 0 | K16: =IF(OR($D16="",$H16=""),"",IF(SUBSTITUTE(SUBSTITUTE(SUBSTITUTE(SUBSTITUTE(SUBSTITUTE($D16,".",""),"-","")," ","")," ",""),CHAR(9),"")=SUBSTITUTE(SUBSTITUTE(SUBSTITUTE(SUBSTITUTE(SUBSTITUTE($H16,".",""),"-","")," ","")," ",""),CHAR(9),""),1,0)) -> 0 | L16: 2006.00-9000 | M16: 2008.99-9000 | N16: 2106.90-9099 | O16: =IF(OR($D16="",$L16=""),"",IF(LEFT(SUBSTITUTE(SUBSTITUTE(SUBSTITUTE(SUBSTITUTE(SUBSTITUTE($D16,".",""),"-","")," ","")," ",""),CHAR(9),""),6)=LEFT(SUBSTITUTE(SUBSTITUTE(SUBSTITUTE(SUBSTITUTE(SUBSTITUTE($L16,".",""),"-","")," ","")," ",""),CHAR(9),""),6),1,0)) -> 0 | P16: =IF(OR($D16="",$L16=""),"",IF(OR(LEFT(SUBSTITUTE(SUBSTITUTE(SUBSTITUTE(SUBSTITUTE(SUBSTITUTE($D16,".",""),"-","")," ","")," ",""),CHAR(9),""),6)=LEFT(SUBSTITUTE(SUBSTITUTE(SUBSTITUTE(SUBSTITUTE(SUBSTITUTE($L16,".",""),"-","")," ","")," ",""),CHAR(9),""),6),LEFT(SUBSTITUTE(SUBSTITUTE(SUBSTITUTE(SUBSTITUTE(SUBSTITUTE($D16,".",""),"-","")," ","")," ",""),CHAR(9),""),6)=LEFT(SUBSTITUTE(SUBSTITUTE(SUBSTITUTE(SUBSTITUTE(SUBSTITUTE($M16,".",""),"-","")," ","")," ",""),CHAR(9),""),6),LEFT(SUBSTITUTE(SUBSTITUTE(SUBSTITUTE(SUBSTITUTE(SUBSTITUTE($D16,".",""),"-","")," ","")," ",""),CHAR(9),""),6)=LEFT(SUBSTITUTE(SUBSTITUTE(SUBSTITUTE(SUBSTITUTE(SUBSTITUTE($N16,".",""),"-","")," ","")," ",""),CHAR(9),""),6)),1,0)) -> 1 | Q16: 용도/기능 오인 | R16: ‘설탕으로 보존처리한 과실’에서도 “과실을 설탕시럽에 넣어 설탕이 충분히 스며들도록 비등점까지 가열하여 당 농도가 증가하도록 보존처리한 것일 것”을 제2006호에 분류하며, “삼투탈수 방식으로 보존처리한 경우에는 제2008호에 분류한다.”라고 규정하면서 제2006호에는 시럽에 넣어 끓이는 방식을 명시
A17: 13 | B17: =IF(케이스목록!$B17="","",케이스목록!$B17) -> 품목분류4과-945 | C17: =IF(케이스목록!$E17="","",케이스목록!$E17) -> ㅇ 물품개요 - CO₂가스를 동력원으로 화장품을 피부 표면에 미세하고 균일하게 분사하는 미용기기 - 분사 과정 중 화장품의 온도를 낮춰 피부에 쿨링감을 제공 ㅇ 주요 구성요소 및 기능 - 노즐 : CO₂가스를 제어하면서 분사 방향/각도 유지 - 냉각모듈 : 열전대소자(Peltier)*로, 화장품의 온도를 쿨링감있게 유지 * 전기를 흘리면 한쪽 면은 차가워지고 반대쪽 면은 뜨거워지는 열전소자 - 솔레노이드 밸브 : 전자제어 밸브로 가스 분사량 제어 - 디스플레이 : 배터리, 오류코드 등 상태 표시 - 트리거(방아쇠), USB-C 충전 포트, 리튬이온 배터리(3,350㎃h) 내장 등 - CO₂카트리지(미제시) : 고압 액화 CO₂가 밀봉된 소형 실린더 - 컨테이너(미제시) : 액상 화장품을 담는 용기 ㅇ 작동 원리 - 카트리지와 컨테이너 장착(미제시) → 트리거 작동 → 솔레노이드밸브가 개방되며 CO₂가스가 부품 내의 용기 안으로 이동 → 용기 내부 압력 상승 → 화장품이 노즐을 통해 약 45° 각도로 분사 - CO₂가스(극저온 냉매, -79도)의 분사로 화장품의 온도를 급속히 낮추고 이를 열전대(Peltier) 소자로 급속 가열하여 피부에 전달되는 온도(2~4도)로 유지 | D17: =IF(케이스목록!$D17="","",케이스목록!$D17) -> 8424209000 | E17: =IF(케이스목록!$H17="","",케이스목록!$H17) -> O | F17: X | G17: X | H17: 8424.20-0000 | I17: =IF(OR($D17="",$H17=""),"",IF(LEFT(SUBSTITUTE(SUBSTITUTE(SUBSTITUTE(SUBSTITUTE(SUBSTITUTE($D17,".",""),"-","")," ","")," ",""),CHAR(9),""),4)=LEFT(SUBSTITUTE(SUBSTITUTE(SUBSTITUTE(SUBSTITUTE(SUBSTITUTE($H17,".",""),"-","")," ","")," ",""),CHAR(9),""),4),1,0)) -> 1 | J17: =IF(OR($D17="",$H17=""),"",IF(LEFT(SUBSTITUTE(SUBSTITUTE(SUBSTITUTE(SUBSTITUTE(SUBSTITUTE($D17,".",""),"-","")," ","")," ",""),CHAR(9),""),6)=LEFT(SUBSTITUTE(SUBSTITUTE(SUBSTITUTE(SUBSTITUTE(SUBSTITUTE($H17,".",""),"-","")," ","")," ",""),CHAR(9),""),6),1,0)) -> 1 | K17: =IF(OR($D17="",$H17=""),"",IF(SUBSTITUTE(SUBSTITUTE(SUBSTITUTE(SUBSTITUTE(SUBSTITUTE($D17,".",""),"-","")," ","")," ",""),CHAR(9),"")=SUBSTITUTE(SUBSTITUTE(SUBSTITUTE(SUBSTITUTE(SUBSTITUTE($H17,".",""),"-","")," ","")," ",""),CHAR(9),""),1,0)) -> 0 | L17: 8424.20-0000 | M17: 8543.70-2020 | N17: 8424.89-9090 | O17: =IF(OR($D17="",$L17=""),"",IF(LEFT(SUBSTITUTE(SUBSTITUTE(SUBSTITUTE(SUBSTITUTE(SUBSTITUTE($D17,".",""),"-","")," ","")," ",""),CHAR(9),""),6)=LEFT(SUBSTITUTE(SUBSTITUTE(SUBSTITUTE(SUBSTITUTE(SUBSTITUTE($L17,".",""),"-","")," ","")," ",""),CHAR(9),""),6),1,0)) -> 1 | P17: =IF(OR($D17="",$L17=""),"",IF(OR(LEFT(SUBSTITUTE(SUBSTITUTE(SUBSTITUTE(SUBSTITUTE(SUBSTITUTE($D17,".",""),"-","")," ","")," ",""),CHAR(9),""),6)=LEFT(SUBSTITUTE(SUBSTITUTE(SUBSTITUTE(SUBSTITUTE(SUBSTITUTE($L17,".",""),"-","")," ","")," ",""),CHAR(9),""),6),LEFT(SUBSTITUTE(SUBSTITUTE(SUBSTITUTE(SUBSTITUTE(SUBSTITUTE($D17,".",""),"-","")," ","")," ",""),CHAR(9),""),6)=LEFT(SUBSTITUTE(SUBSTITUTE(SUBSTITUTE(SUBSTITUTE(SUBSTITUTE($M17,".",""),"-","")," ","")," ",""),CHAR(9),""),6),LEFT(SUBSTITUTE(SUBSTITUTE(SUBSTITUTE(SUBSTITUTE(SUBSTITUTE($D17,".",""),"-","")," ","")," ",""),CHAR(9),""),6)=LEFT(SUBSTITUTE(SUBSTITUTE(SUBSTITUTE(SUBSTITUTE(SUBSTITUTE($N17,".",""),"-","")," ","")," ",""),CHAR(9),""),6)),1,0)) -> 1 | Q17: 호 경합 판단 오류 | R17: 판단 어려움.
A18: 14 | B18: =IF(케이스목록!$B18="","",케이스목록!$B18) -> 품목분류1과-876 | C18: =IF(케이스목록!$E18="","",케이스목록!$E18) -> ㅇ 물품 개요 - 산업용 스마트카메라*의 일종인 In-sight Vision 장비에 전용되는 대물렌즈로, 측정 대상 물품의 상을 포착하여 후방(스마트 카메라 본체)에 위치한 CMOS 이미지 센서에 상을 맺게 함 * 일반적인 카메라와 달리 영상획득, 영상처리, 판단․제어 로직을 하나의 장치로 통합한 비전(vision) 측정검사 장비(제9031.4호에 분류되고 있음) ㅇ 구성 요소별 기능 ① 렌즈 : 일반렌즈와 액체 렌즈가 결합된 형태로, 포착된 피사체의 상을 스마트 카메라 본체 내부의 CMOS 이미지 센서 위에 결상시킴(본체의 CMOS 센서가 이를 디지털 신호로 변환하여 영상 데이터를 생성) ② 커넥터 : 액체 렌즈 부분의 셀을 형성하기 위해서 전력을 공급하고, 촬영 간 초점을 빠르게 전환하기 위한 제어 명령 전달 ③ 장착 부분 : Auto Focus 렌즈(쟁점물품)와 In-sight 제품(본체)을 연결하는 부분으로 인사이트 제품의 장착에 맞게 홈이 파여 있으며 제품을 연결하기 위해 볼트가 삽입된 연결부분이 있음. | D18: =IF(케이스목록!$D18="","",케이스목록!$D18) -> 9002119090 | E18: =IF(케이스목록!$H18="","",케이스목록!$H18) -> O | F18: X | G18: X | H18: 9002.19-9000 | I18: =IF(OR($D18="",$H18=""),"",IF(LEFT(SUBSTITUTE(SUBSTITUTE(SUBSTITUTE(SUBSTITUTE(SUBSTITUTE($D18,".",""),"-","")," ","")," ",""),CHAR(9),""),4)=LEFT(SUBSTITUTE(SUBSTITUTE(SUBSTITUTE(SUBSTITUTE(SUBSTITUTE($H18,".",""),"-","")," ","")," ",""),CHAR(9),""),4),1,0)) -> 1 | J18: =IF(OR($D18="",$H18=""),"",IF(LEFT(SUBSTITUTE(SUBSTITUTE(SUBSTITUTE(SUBSTITUTE(SUBSTITUTE($D18,".",""),"-","")," ","")," ",""),CHAR(9),""),6)=LEFT(SUBSTITUTE(SUBSTITUTE(SUBSTITUTE(SUBSTITUTE(SUBSTITUTE($H18,".",""),"-","")," ","")," ",""),CHAR(9),""),6),1,0)) -> 0 | K18: =IF(OR($D18="",$H18=""),"",IF(SUBSTITUTE(SUBSTITUTE(SUBSTITUTE(SUBSTITUTE(SUBSTITUTE($D18,".",""),"-","")," ","")," ",""),CHAR(9),"")=SUBSTITUTE(SUBSTITUTE(SUBSTITUTE(SUBSTITUTE(SUBSTITUTE($H18,".",""),"-","")," ","")," ",""),CHAR(9),""),1,0)) -> 0 | L18: 9002.19-9000 | M18: 9031.90-9000 | N18: 9002.11-0000 | O18: =IF(OR($D18="",$L18=""),"",IF(LEFT(SUBSTITUTE(SUBSTITUTE(SUBSTITUTE(SUBSTITUTE(SUBSTITUTE($D18,".",""),"-","")," ","")," ",""),CHAR(9),""),6)=LEFT(SUBSTITUTE(SUBSTITUTE(SUBSTITUTE(SUBSTITUTE(SUBSTITUTE($L18,".",""),"-","")," ","")," ",""),CHAR(9),""),6),1,0)) -> 0 | P18: =IF(OR($D18="",$L18=""),"",IF(OR(LEFT(SUBSTITUTE(SUBSTITUTE(SUBSTITUTE(SUBSTITUTE(SUBSTITUTE($D18,".",""),"-","")," ","")," ",""),CHAR(9),""),6)=LEFT(SUBSTITUTE(SUBSTITUTE(SUBSTITUTE(SUBSTITUTE(SUBSTITUTE($L18,".",""),"-","")," ","")," ",""),CHAR(9),""),6),LEFT(SUBSTITUTE(SUBSTITUTE(SUBSTITUTE(SUBSTITUTE(SUBSTITUTE($D18,".",""),"-","")," ","")," ",""),CHAR(9),""),6)=LEFT(SUBSTITUTE(SUBSTITUTE(SUBSTITUTE(SUBSTITUTE(SUBSTITUTE($M18,".",""),"-","")," ","")," ",""),CHAR(9),""),6),LEFT(SUBSTITUTE(SUBSTITUTE(SUBSTITUTE(SUBSTITUTE(SUBSTITUTE($D18,".",""),"-","")," ","")," ",""),CHAR(9),""),6)=LEFT(SUBSTITUTE(SUBSTITUTE(SUBSTITUTE(SUBSTITUTE(SUBSTITUTE($N18,".",""),"-","")," ","")," ",""),CHAR(9),""),6)),1,0)) -> 1 | Q18: 한국 고유 세번(10자리) 오류
A19: 15 | B19: =IF(케이스목록!$B19="","",케이스목록!$B19) -> 품목분류2과-1011 | C19: =IF(케이스목록!$E19="","",케이스목록!$E19) -> ㅇ 물품개요 - 살리실산을 주성분으로 한 황색 페이스트를 원형 스펀지 중앙에 채운 후 스트립상의 접착시트에 부착한 것을 소매포장한 것(내용량 : 100g, 12매/box) - 용도: 티눈, 굳은 살, 사마귀 제거(일반의약품) | D19: =IF(케이스목록!$D19="","",케이스목록!$D19) -> 3004909900 | E19: =IF(케이스목록!$H19="","",케이스목록!$H19) -> O | F19: X | G19: X | H19: 3005.10-9000 | I19: =IF(OR($D19="",$H19=""),"",IF(LEFT(SUBSTITUTE(SUBSTITUTE(SUBSTITUTE(SUBSTITUTE(SUBSTITUTE($D19,".",""),"-","")," ","")," ",""),CHAR(9),""),4)=LEFT(SUBSTITUTE(SUBSTITUTE(SUBSTITUTE(SUBSTITUTE(SUBSTITUTE($H19,".",""),"-","")," ","")," ",""),CHAR(9),""),4),1,0)) -> 0 | J19: =IF(OR($D19="",$H19=""),"",IF(LEFT(SUBSTITUTE(SUBSTITUTE(SUBSTITUTE(SUBSTITUTE(SUBSTITUTE($D19,".",""),"-","")," ","")," ",""),CHAR(9),""),6)=LEFT(SUBSTITUTE(SUBSTITUTE(SUBSTITUTE(SUBSTITUTE(SUBSTITUTE($H19,".",""),"-","")," ","")," ",""),CHAR(9),""),6),1,0)) -> 0 | K19: =IF(OR($D19="",$H19=""),"",IF(SUBSTITUTE(SUBSTITUTE(SUBSTITUTE(SUBSTITUTE(SUBSTITUTE($D19,".",""),"-","")," ","")," ",""),CHAR(9),"")=SUBSTITUTE(SUBSTITUTE(SUBSTITUTE(SUBSTITUTE(SUBSTITUTE($H19,".",""),"-","")," ","")," ",""),CHAR(9),""),1,0)) -> 0 | L19: 3005.10-9000 | M19: 3005.10-1000 | N19: 3004.90-9900 | O19: =IF(OR($D19="",$L19=""),"",IF(LEFT(SUBSTITUTE(SUBSTITUTE(SUBSTITUTE(SUBSTITUTE(SUBSTITUTE($D19,".",""),"-","")," ","")," ",""),CHAR(9),""),6)=LEFT(SUBSTITUTE(SUBSTITUTE(SUBSTITUTE(SUBSTITUTE(SUBSTITUTE($L19,".",""),"-","")," ","")," ",""),CHAR(9),""),6),1,0)) -> 0 | P19: =IF(OR($D19="",$L19=""),"",IF(OR(LEFT(SUBSTITUTE(SUBSTITUTE(SUBSTITUTE(SUBSTITUTE(SUBSTITUTE($D19,".",""),"-","")," ","")," ",""),CHAR(9),""),6)=LEFT(SUBSTITUTE(SUBSTITUTE(SUBSTITUTE(SUBSTITUTE(SUBSTITUTE($L19,".",""),"-","")," ","")," ",""),CHAR(9),""),6),LEFT(SUBSTITUTE(SUBSTITUTE(SUBSTITUTE(SUBSTITUTE(SUBSTITUTE($D19,".",""),"-","")," ","")," ",""),CHAR(9),""),6)=LEFT(SUBSTITUTE(SUBSTITUTE(SUBSTITUTE(SUBSTITUTE(SUBSTITUTE($M19,".",""),"-","")," ","")," ",""),CHAR(9),""),6),LEFT(SUBSTITUTE(SUBSTITUTE(SUBSTITUTE(SUBSTITUTE(SUBSTITUTE($D19,".",""),"-","")," ","")," ",""),CHAR(9),""),6)=LEFT(SUBSTITUTE(SUBSTITUTE(SUBSTITUTE(SUBSTITUTE(SUBSTITUTE($N19,".",""),"-","")," ","")," ",""),CHAR(9),""),6)),1,0)) -> 1 | Q19: 호 경합 판단 오류 | R19: 성분이 살리실산이라는 점에만 주목할 경우 발생할 수 있는 후보
A20: 16 | B20: =IF(케이스목록!$B20="","",케이스목록!$B20) -> 품목분류2과-1000 | C20: =IF(케이스목록!$E20="","",케이스목록!$E20) -> ㅇ 물품개요 - 불활성화 A형 간염 바이러스 항원을 안정제, 보존제, 주사용수 등에 혼합하여 조제한 투명 액상을 주사기(몸체) 모양 용기에 소매 포장하여 냉동한 것(내용량: 1000㎕) - 용도 : 효소결합면역흡착측정(ELISA)*분석 시 사용되는 기준물질(내부 대조군) * 항원-항체 반응을 이용하여 항원이나 항체의 양을 측정하는 분석법 | D20: =IF(케이스목록!$D20="","",케이스목록!$D20) -> 3002494000 | E20: =IF(케이스목록!$H20="","",케이스목록!$H20) -> O | F20: X | G20: X | H20: 3822.19-9000 | I20: =IF(OR($D20="",$H20=""),"",IF(LEFT(SUBSTITUTE(SUBSTITUTE(SUBSTITUTE(SUBSTITUTE(SUBSTITUTE($D20,".",""),"-","")," ","")," ",""),CHAR(9),""),4)=LEFT(SUBSTITUTE(SUBSTITUTE(SUBSTITUTE(SUBSTITUTE(SUBSTITUTE($H20,".",""),"-","")," ","")," ",""),CHAR(9),""),4),1,0)) -> 0 | J20: =IF(OR($D20="",$H20=""),"",IF(LEFT(SUBSTITUTE(SUBSTITUTE(SUBSTITUTE(SUBSTITUTE(SUBSTITUTE($D20,".",""),"-","")," ","")," ",""),CHAR(9),""),6)=LEFT(SUBSTITUTE(SUBSTITUTE(SUBSTITUTE(SUBSTITUTE(SUBSTITUTE($H20,".",""),"-","")," ","")," ",""),CHAR(9),""),6),1,0)) -> 0 | K20: =IF(OR($D20="",$H20=""),"",IF(SUBSTITUTE(SUBSTITUTE(SUBSTITUTE(SUBSTITUTE(SUBSTITUTE($D20,".",""),"-","")," ","")," ",""),CHAR(9),"")=SUBSTITUTE(SUBSTITUTE(SUBSTITUTE(SUBSTITUTE(SUBSTITUTE($H20,".",""),"-","")," ","")," ",""),CHAR(9),""),1,0)) -> 0 | L20: 3822.19-9000 | M20: 3822.19-1000 | N20: 3002.49-9000 | O20: =IF(OR($D20="",$L20=""),"",IF(LEFT(SUBSTITUTE(SUBSTITUTE(SUBSTITUTE(SUBSTITUTE(SUBSTITUTE($D20,".",""),"-","")," ","")," ",""),CHAR(9),""),6)=LEFT(SUBSTITUTE(SUBSTITUTE(SUBSTITUTE(SUBSTITUTE(SUBSTITUTE($L20,".",""),"-","")," ","")," ",""),CHAR(9),""),6),1,0)) -> 0 | P20: =IF(OR($D20="",$L20=""),"",IF(OR(LEFT(SUBSTITUTE(SUBSTITUTE(SUBSTITUTE(SUBSTITUTE(SUBSTITUTE($D20,".",""),"-","")," ","")," ",""),CHAR(9),""),6)=LEFT(SUBSTITUTE(SUBSTITUTE(SUBSTITUTE(SUBSTITUTE(SUBSTITUTE($L20,".",""),"-","")," ","")," ",""),CHAR(9),""),6),LEFT(SUBSTITUTE(SUBSTITUTE(SUBSTITUTE(SUBSTITUTE(SUBSTITUTE($D20,".",""),"-","")," ","")," ",""),CHAR(9),""),6)=LEFT(SUBSTITUTE(SUBSTITUTE(SUBSTITUTE(SUBSTITUTE(SUBSTITUTE($M20,".",""),"-","")," ","")," ",""),CHAR(9),""),6),LEFT(SUBSTITUTE(SUBSTITUTE(SUBSTITUTE(SUBSTITUTE(SUBSTITUTE($D20,".",""),"-","")," ","")," ",""),CHAR(9),""),6)=LEFT(SUBSTITUTE(SUBSTITUTE(SUBSTITUTE(SUBSTITUTE(SUBSTITUTE($N20,".",""),"-","")," ","")," ",""),CHAR(9),""),6)),1,0)) -> 1 | Q20: 물품설명 정보 부족 | R20: 수입 시점의 정확한 성분 비율, 제조 공정, 공인된 기준물질(CRM) 인증서 유무 등에 따라 달라질 수 있으므로, 정확한 수입통관
A21: 17 | B21: =IF(케이스목록!$B21="","",케이스목록!$B21) -> 품목분류2과-254 | C21: =IF(케이스목록!$E21="","",케이스목록!$E21) -> o Propanediol(92.5%), Caprylhydroxamic acid(7.5%)로 혼합‧조제된 무색투명 액상 - 용도 : 화장품 제조용 보존제(0.5～1.0% 사용) | D21: =IF(케이스목록!$D21="","",케이스목록!$D21) -> 3808999000 | E21: =IF(케이스목록!$H21="","",케이스목록!$H21) -> O | F21: X | G21: X | H21: 3824.99-9090 | I21: =IF(OR($D21="",$H21=""),"",IF(LEFT(SUBSTITUTE(SUBSTITUTE(SUBSTITUTE(SUBSTITUTE(SUBSTITUTE($D21,".",""),"-","")," ","")," ",""),CHAR(9),""),4)=LEFT(SUBSTITUTE(SUBSTITUTE(SUBSTITUTE(SUBSTITUTE(SUBSTITUTE($H21,".",""),"-","")," ","")," ",""),CHAR(9),""),4),1,0)) -> 0 | J21: =IF(OR($D21="",$H21=""),"",IF(LEFT(SUBSTITUTE(SUBSTITUTE(SUBSTITUTE(SUBSTITUTE(SUBSTITUTE($D21,".",""),"-","")," ","")," ",""),CHAR(9),""),6)=LEFT(SUBSTITUTE(SUBSTITUTE(SUBSTITUTE(SUBSTITUTE(SUBSTITUTE($H21,".",""),"-","")," ","")," ",""),CHAR(9),""),6),1,0)) -> 0 | K21: =IF(OR($D21="",$H21=""),"",IF(SUBSTITUTE(SUBSTITUTE(SUBSTITUTE(SUBSTITUTE(SUBSTITUTE($D21,".",""),"-","")," ","")," ",""),CHAR(9),"")=SUBSTITUTE(SUBSTITUTE(SUBSTITUTE(SUBSTITUTE(SUBSTITUTE($H21,".",""),"-","")," ","")," ",""),CHAR(9),""),1,0)) -> 0 | L21: 3824.99-9090 | M21: 3808.94-0000 | N21: 2905.39-9000 | O21: =IF(OR($D21="",$L21=""),"",IF(LEFT(SUBSTITUTE(SUBSTITUTE(SUBSTITUTE(SUBSTITUTE(SUBSTITUTE($D21,".",""),"-","")," ","")," ",""),CHAR(9),""),6)=LEFT(SUBSTITUTE(SUBSTITUTE(SUBSTITUTE(SUBSTITUTE(SUBSTITUTE($L21,".",""),"-","")," ","")," ",""),CHAR(9),""),6),1,0)) -> 0 | P21: =IF(OR($D21="",$L21=""),"",IF(OR(LEFT(SUBSTITUTE(SUBSTITUTE(SUBSTITUTE(SUBSTITUTE(SUBSTITUTE($D21,".",""),"-","")," ","")," ",""),CHAR(9),""),6)=LEFT(SUBSTITUTE(SUBSTITUTE(SUBSTITUTE(SUBSTITUTE(SUBSTITUTE($L21,".",""),"-","")," ","")," ",""),CHAR(9),""),6),LEFT(SUBSTITUTE(SUBSTITUTE(SUBSTITUTE(SUBSTITUTE(SUBSTITUTE($D21,".",""),"-","")," ","")," ",""),CHAR(9),""),6)=LEFT(SUBSTITUTE(SUBSTITUTE(SUBSTITUTE(SUBSTITUTE(SUBSTITUTE($M21,".",""),"-","")," ","")," ",""),CHAR(9),""),6),LEFT(SUBSTITUTE(SUBSTITUTE(SUBSTITUTE(SUBSTITUTE(SUBSTITUTE($D21,".",""),"-","")," ","")," ",""),CHAR(9),""),6)=LEFT(SUBSTITUTE(SUBSTITUTE(SUBSTITUTE(SUBSTITUTE(SUBSTITUTE($N21,".",""),"-","")," ","")," ",""),CHAR(9),""),6)),1,0)) -> 0 | Q21: 호 경합 판단 오류 | R21: 물품설명과 같이 조제되어 화장품 등의 보존제로 사용되는 물품이므로 “살균제·소독제와 유사한 물품”으로 보아
A22: 18 | B22: =IF(케이스목록!$B22="","",케이스목록!$B22) -> 품목분류1과-1222 | C22: =IF(케이스목록!$E22="","",케이스목록!$E22) -> ㅇ 물품개요 - 맥주병박스 형상의 병따개를 들고 있는 두꺼비 형상의 피규어로, 병따개와 피규어에 해당 브랜드 주류의 로고(“TERRA”, “진로”)가 인쇄되어 있음 ※ 피규어: 다양한 동작을 표현할 수 있도록 관절이 움직일 수 있게 만들어 놓은, 인간이나 동물 형상의 장난감 (출처: 고려대 한국어대사전) - 병따개는 피규어로부터 수시로 탈부착 가능(병따개 사용 시 피규어로부터 분리하여 단독으로 사용하여야 함) ※ 사전심사 신청시 제시견본은 병따개가 피규어의 손에 접착제로 붙어있는 상태로 제시되었으나, 업체로부터 제시상태를 재확인한 결과, 병따개를 피규어로부터 수시로 탈부착할 수 있는 상태로 제시상태를 확정함. - 현재 시중에 해당 브랜드의 두꺼비 캐릭터 굿즈가 다양하게 판매되고 있으나, 본 물품의 피규어와 동일한 형상의 피규어가 병따개 없이 단독으로 판매되고 있지는 않음 | D22: =IF(케이스목록!$D22="","",케이스목록!$D22) -> 8205510000 | E22: =IF(케이스목록!$H22="","",케이스목록!$H22) -> O | F22: X | G22: X | H22: 9503.00-3200 | I22: =IF(OR($D22="",$H22=""),"",IF(LEFT(SUBSTITUTE(SUBSTITUTE(SUBSTITUTE(SUBSTITUTE(SUBSTITUTE($D22,".",""),"-","")," ","")," ",""),CHAR(9),""),4)=LEFT(SUBSTITUTE(SUBSTITUTE(SUBSTITUTE(SUBSTITUTE(SUBSTITUTE($H22,".",""),"-","")," ","")," ",""),CHAR(9),""),4),1,0)) -> 0 | J22: =IF(OR($D22="",$H22=""),"",IF(LEFT(SUBSTITUTE(SUBSTITUTE(SUBSTITUTE(SUBSTITUTE(SUBSTITUTE($D22,".",""),"-","")," ","")," ",""),CHAR(9),""),6)=LEFT(SUBSTITUTE(SUBSTITUTE(SUBSTITUTE(SUBSTITUTE(SUBSTITUTE($H22,".",""),"-","")," ","")," ",""),CHAR(9),""),6),1,0)) -> 0 | K22: =IF(OR($D22="",$H22=""),"",IF(SUBSTITUTE(SUBSTITUTE(SUBSTITUTE(SUBSTITUTE(SUBSTITUTE($D22,".",""),"-","")," ","")," ",""),CHAR(9),"")=SUBSTITUTE(SUBSTITUTE(SUBSTITUTE(SUBSTITUTE(SUBSTITUTE($H22,".",""),"-","")," ","")," ",""),CHAR(9),""),1,0)) -> 0 | L22: 9503.00-3200 | M22: 8205.51-0000 | N22: 3926.90-9000 | O22: =IF(OR($D22="",$L22=""),"",IF(LEFT(SUBSTITUTE(SUBSTITUTE(SUBSTITUTE(SUBSTITUTE(SUBSTITUTE($D22,".",""),"-","")," ","")," ",""),CHAR(9),""),6)=LEFT(SUBSTITUTE(SUBSTITUTE(SUBSTITUTE(SUBSTITUTE(SUBSTITUTE($L22,".",""),"-","")," ","")," ",""),CHAR(9),""),6),1,0)) -> 0 | P22: =IF(OR($D22="",$L22=""),"",IF(OR(LEFT(SUBSTITUTE(SUBSTITUTE(SUBSTITUTE(SUBSTITUTE(SUBSTITUTE($D22,".",""),"-","")," ","")," ",""),CHAR(9),""),6)=LEFT(SUBSTITUTE(SUBSTITUTE(SUBSTITUTE(SUBSTITUTE(SUBSTITUTE($L22,".",""),"-","")," ","")," ",""),CHAR(9),""),6),LEFT(SUBSTITUTE(SUBSTITUTE(SUBSTITUTE(SUBSTITUTE(SUBSTITUTE($D22,".",""),"-","")," ","")," ",""),CHAR(9),""),6)=LEFT(SUBSTITUTE(SUBSTITUTE(SUBSTITUTE(SUBSTITUTE(SUBSTITUTE($M22,".",""),"-","")," ","")," ",""),CHAR(9),""),6),LEFT(SUBSTITUTE(SUBSTITUTE(SUBSTITUTE(SUBSTITUTE(SUBSTITUTE($D22,".",""),"-","")," ","")," ",""),CHAR(9),""),6)=LEFT(SUBSTITUTE(SUBSTITUTE(SUBSTITUTE(SUBSTITUTE(SUBSTITUTE($N22,".",""),"-","")," ","")," ",""),CHAR(9),""),6)),1,0)) -> 1 | Q22: 용도/기능 오인 | R22: 동물이나 인간이 아닌 창조물을 형상화한 완구
A23: 19 | B23: =IF(케이스목록!$B23="","",케이스목록!$B23) -> 품목분류3과-665 | C23: =IF(케이스목록!$E23="","",케이스목록!$E23) -> ㅇ 물품개요 - PVC 원단과 PE 시트를 적층한 롤 상의 매트(1100×3000×16mm) - 용도 : 운동 및 놀이 시 층간소음방지, 미끄럼방지 및 충격완화 ㅇ 제조공정 - 무가교+화학가교 PE 시트 합지 → 논슬립 PE 필름 합지 → 발포 PVC 원단 합지 → 폭 컷팅 → 권취 및 숙성 → 길이 재단 → 포장 | D23: =IF(케이스목록!$D23="","",케이스목록!$D23) -> 3918101000 | E23: =IF(케이스목록!$H23="","",케이스목록!$H23) -> O | F23: X | G23: X | H23: 3918.10-9000 | I23: =IF(OR($D23="",$H23=""),"",IF(LEFT(SUBSTITUTE(SUBSTITUTE(SUBSTITUTE(SUBSTITUTE(SUBSTITUTE($D23,".",""),"-","")," ","")," ",""),CHAR(9),""),4)=LEFT(SUBSTITUTE(SUBSTITUTE(SUBSTITUTE(SUBSTITUTE(SUBSTITUTE($H23,".",""),"-","")," ","")," ",""),CHAR(9),""),4),1,0)) -> 1 | J23: =IF(OR($D23="",$H23=""),"",IF(LEFT(SUBSTITUTE(SUBSTITUTE(SUBSTITUTE(SUBSTITUTE(SUBSTITUTE($D23,".",""),"-","")," ","")," ",""),CHAR(9),""),6)=LEFT(SUBSTITUTE(SUBSTITUTE(SUBSTITUTE(SUBSTITUTE(SUBSTITUTE($H23,".",""),"-","")," ","")," ",""),CHAR(9),""),6),1,0)) -> 1 | K23: =IF(OR($D23="",$H23=""),"",IF(SUBSTITUTE(SUBSTITUTE(SUBSTITUTE(SUBSTITUTE(SUBSTITUTE($D23,".",""),"-","")," ","")," ",""),CHAR(9),"")=SUBSTITUTE(SUBSTITUTE(SUBSTITUTE(SUBSTITUTE(SUBSTITUTE($H23,".",""),"-","")," ","")," ",""),CHAR(9),""),1,0)) -> 0 | L23: 3918.10-9000 | M23: 3918.90-9000 | N23: 9506.91-0000 | O23: =IF(OR($D23="",$L23=""),"",IF(LEFT(SUBSTITUTE(SUBSTITUTE(SUBSTITUTE(SUBSTITUTE(SUBSTITUTE($D23,".",""),"-","")," ","")," ",""),CHAR(9),""),6)=LEFT(SUBSTITUTE(SUBSTITUTE(SUBSTITUTE(SUBSTITUTE(SUBSTITUTE($L23,".",""),"-","")," ","")," ",""),CHAR(9),""),6),1,0)) -> 1 | P23: =IF(OR($D23="",$L23=""),"",IF(OR(LEFT(SUBSTITUTE(SUBSTITUTE(SUBSTITUTE(SUBSTITUTE(SUBSTITUTE($D23,".",""),"-","")," ","")," ",""),CHAR(9),""),6)=LEFT(SUBSTITUTE(SUBSTITUTE(SUBSTITUTE(SUBSTITUTE(SUBSTITUTE($L23,".",""),"-","")," ","")," ",""),CHAR(9),""),6),LEFT(SUBSTITUTE(SUBSTITUTE(SUBSTITUTE(SUBSTITUTE(SUBSTITUTE($D23,".",""),"-","")," ","")," ",""),CHAR(9),""),6)=LEFT(SUBSTITUTE(SUBSTITUTE(SUBSTITUTE(SUBSTITUTE(SUBSTITUTE($M23,".",""),"-","")," ","")," ",""),CHAR(9),""),6),LEFT(SUBSTITUTE(SUBSTITUTE(SUBSTITUTE(SUBSTITUTE(SUBSTITUTE($D23,".",""),"-","")," ","")," ",""),CHAR(9),""),6)=LEFT(SUBSTITUTE(SUBSTITUTE(SUBSTITUTE(SUBSTITUTE(SUBSTITUTE($N23,".",""),"-","")," ","")," ",""),CHAR(9),""),6)),1,0)) -> 1 | Q23: 물품설명 정보 부족 | R23: HS 6단위 소호 분류 시, 구성 재료의 역할 면에서 PVC가 충격 흡수에 우수하고, 일반적으로 바닥에 깔고 사용하는 바닥 깔개는 신체와 접촉하는 노출 표면이 중요하게 여겨지며, 또한 구성 재료의 가격, 중량 측면에서 PE보다 PVC가 더 큰 비중을 차지함 ‧ 더구나, 일반적으로 바닥 깔개의 충진재(바닥재)는 주로 물품의 형태 유지나 보강의 목적으로 사용하는 경우가 많음 ‧ 즉, 바닥 깔개의 본질적인 특성은 구성 재료의 역할, 가격, 중량에 따라 PVC 노출 표면에 있는 것으로 판단됨 - 따라서 본 물품을 ‘폴리염화비닐로 만든 바닥깔개’로 보아
A24: 20 | B24: =IF(케이스목록!$B24="","",케이스목록!$B24) -> 품목분류1과-227 | C24: =IF(케이스목록!$E24="","",케이스목록!$E24) -> ㅇ 물품개요 - 냉장, 냉동, 김치냉장고로 변온 가능한 1도어 냉동/냉장고로 외부에 온도를 조절할 수 있는 디스플레이*가 설치되어 있음 * 디스플레이 터치패널에 냉동/냉장기능을 선택할 수 있는 ‘온도설정’ 버튼과 김치냉장고로 기능을 전환하는 ‘김치저장’ 버튼이 있음 - 냉동은 –17℃∼-23℃ 사이, 냉장은 5℃∼0℃에서 조절함(온도 설정 버튼으로 전환) - 규격 : 455 × 1,853 × 685㎜, 용량 : 240ℓ ㅇ 주요 구성요소 - 압축기 : 냉매를 고압 상태로 압축함 - 응축기 : 고온 고압 냉매를 응축시킴 - 증발기 : 냉매 증발로 - Cabinet : 저온의 온도를 유지하기 위한 본체(단열재 두께 55㎜) - Door : 내용물을 넣고 빼고 할 수 있는 도어 ㅇ 기능 ① 냉동 : 냉동 온도를 유지할 수 있는 단열재 두께(55㎜)*를 가진 Cabinet과 냉각 능력의 압축기**로 구성됨 * 냉장고 Cabinet의 경우 일반적으로 40㎜ 내외의 단열재 두께를 가짐 ** 190㎉/Hr 출력의 냉매 용량 11㏄급 압축기가 설치되어 있으며, 해당 압축기가 상시 작동하여 냉매를 압축시키고 증발기를 통해 냉매를 기화시켜 냉동 온도(–17℃∼-23℃)를 유지할 수 있도록 냉각함 ② 냉장, 김치 : 냉장 설정하는 경우 3℃, 김치 설정의 경우 0℃∼1℃를 유지할 수 있도록 압축기를 On/Off 하여 목표 온도에 도달하면 압축기가 정지하고, 기준 온도를 벗어나면 다시 압축기가 작동하여 고내 온도를 유지 (압축기를 냉동기능 활용 시에 비해 저 RPM으로 회전시켜 효율을 극대화) | D24: =IF(케이스목록!$D24="","",케이스목록!$D24) -> 8418400000 | E24: =IF(케이스목록!$H24="","",케이스목록!$H24) -> O | F24: X | G24: X | H24: 8418.40-1000 | I24: =IF(OR($D24="",$H24=""),"",IF(LEFT(SUBSTITUTE(SUBSTITUTE(SUBSTITUTE(SUBSTITUTE(SUBSTITUTE($D24,".",""),"-","")," ","")," ",""),CHAR(9),""),4)=LEFT(SUBSTITUTE(SUBSTITUTE(SUBSTITUTE(SUBSTITUTE(SUBSTITUTE($H24,".",""),"-","")," ","")," ",""),CHAR(9),""),4),1,0)) -> 1 | J24: =IF(OR($D24="",$H24=""),"",IF(LEFT(SUBSTITUTE(SUBSTITUTE(SUBSTITUTE(SUBSTITUTE(SUBSTITUTE($D24,".",""),"-","")," ","")," ",""),CHAR(9),""),6)=LEFT(SUBSTITUTE(SUBSTITUTE(SUBSTITUTE(SUBSTITUTE(SUBSTITUTE($H24,".",""),"-","")," ","")," ",""),CHAR(9),""),6),1,0)) -> 1 | K24: =IF(OR($D24="",$H24=""),"",IF(SUBSTITUTE(SUBSTITUTE(SUBSTITUTE(SUBSTITUTE(SUBSTITUTE($D24,".",""),"-","")," ","")," ",""),CHAR(9),"")=SUBSTITUTE(SUBSTITUTE(SUBSTITUTE(SUBSTITUTE(SUBSTITUTE($H24,".",""),"-","")," ","")," ",""),CHAR(9),""),1,0)) -> 0 | L24: 8418.40-1000 | M24: 8418.21-9010 | N24: 8418.21-9090 | O24: =IF(OR($D24="",$L24=""),"",IF(LEFT(SUBSTITUTE(SUBSTITUTE(SUBSTITUTE(SUBSTITUTE(SUBSTITUTE($D24,".",""),"-","")," ","")," ",""),CHAR(9),""),6)=LEFT(SUBSTITUTE(SUBSTITUTE(SUBSTITUTE(SUBSTITUTE(SUBSTITUTE($L24,".",""),"-","")," ","")," ",""),CHAR(9),""),6),1,0)) -> 1 | P24: =IF(OR($D24="",$L24=""),"",IF(OR(LEFT(SUBSTITUTE(SUBSTITUTE(SUBSTITUTE(SUBSTITUTE(SUBSTITUTE($D24,".",""),"-","")," ","")," ",""),CHAR(9),""),6)=LEFT(SUBSTITUTE(SUBSTITUTE(SUBSTITUTE(SUBSTITUTE(SUBSTITUTE($L24,".",""),"-","")," ","")," ",""),CHAR(9),""),6),LEFT(SUBSTITUTE(SUBSTITUTE(SUBSTITUTE(SUBSTITUTE(SUBSTITUTE($D24,".",""),"-","")," ","")," ",""),CHAR(9),""),6)=LEFT(SUBSTITUTE(SUBSTITUTE(SUBSTITUTE(SUBSTITUTE(SUBSTITUTE($M24,".",""),"-","")," ","")," ",""),CHAR(9),""),6),LEFT(SUBSTITUTE(SUBSTITUTE(SUBSTITUTE(SUBSTITUTE(SUBSTITUTE($D24,".",""),"-","")," ","")," ",""),CHAR(9),""),6)=LEFT(SUBSTITUTE(SUBSTITUTE(SUBSTITUTE(SUBSTITUTE(SUBSTITUTE($N24,".",""),"-","")," ","")," ",""),CHAR(9),""),6)),1,0)) -> 1 | Q24: 한국 고유 세번(10자리) 오류
A25: 21 | B25: =IF(케이스목록!$B25="","",케이스목록!$B25) -> 품목분류4과-136 | C25: =IF(케이스목록!$E25="","",케이스목록!$E25) -> ㅇ 물품개요 - 의자의 좌판과 하부 베이스를 연결하며 내부에 충전된 질소가스를 이용하여 실린더 내부 ROD의 상하운동을 발생시켜 의자의 높낮이를 조절하는 물품 - 재질 : Steel, 플라스틱, 고무 등 1. RUBBER (고무) - 실린더 내부 기밀성을 보조하고, 외부 충격 및 마찰을 줄임 - 완충 및 밀봉 역할 2. ROD (로드) - 피스톤과 연결되어 의자의 상하 운동을 직접적으로 전달 - 위아래로 움직이며 높이 조절의 핵심 축 역할 3. CAN (캔) - 가스가 충전된 용기 부분으로, 압축가스를 저장 - 내부 압력으로 피스톤을 밀어내어 의자를 들어올릴 수 있도록 함 4. BUSHING (부싱) - 로드가 움직일 때 마찰을 줄여주고, 직선 운동을 안정적으로 안내 - 마모 방지 및 수명 연장 역할. 5. OUTER PIPE (외관 파이프) - 전체 실린더를 감싸는 외부 구조물. - 안전을 위해 가스실린더의 내부 압력 부품을 보호 6. BUTTON (버튼) - 사용자가 누르면 내부 밸브(게이트)가 열려 가스의 흐름을 제어 - 의자의 높낮이 조절 시작 동작 7. BUTTON GUIDE (버튼 가이드) - 버튼의 위치와 움직임을 일정하게 유지하도록 안내하는 부품. - 밸브 작동을 정확하게 유도 8. HATCH ASSY (해치 어셈블리) - 버튼과 연결된 밸브 장치. - 버튼 조작 시 내부 게이트가 열리도록 제어 9. PISTON (피스톤) - 압축가스의 힘을 받아 로드를 위로 밀어올리는 부품. - 의자가 올라가는 동력 발생 부분 10. GATE (게이트) - 버튼을 눌렀을 때 열리고 닫히는 밸브 역할 - 가스의 흐름을 제어하여 의자의 높낮이가 조절 11. GAS SEAL (가스 씰) - 내부 압축가스가 새지 않도록 밀봉. - 기밀 유지 및 안정적인 작동 보장. 12. RIGID (리지드 부품) - 구조적 강도를 확보하는 보강 부품. - 피스톤과 게이트 주변을 견고하게 지지 13. BEARING ASSY (베어링 어셈블리) - 회전 및 직선 운동 시 마찰을 줄여 원활한 작동을 도움 14. CUP (컵) - 가스 누설 방지 및 충격 흡수용 보조 밀폐 부품. - 로드의 왕복 운동에서 밀봉 성능 보완. ㅇ 작동원리 - 버튼을 누르면 내부 밸브(게이트)가 열리고 - (상향 조정) 내부 압축가스가 피스톤을 밀어 올리면서 로드가 위로 이동하여 의자 높이 상승 - (하향 조정) 사용자가 앉아 있는 상태에서 버튼을 누르면, 체중으로 인해 피스톤이 눌려 가스가 재배치되며 로드가 내려가고 의자 높이 하강 . - (높이 고정) 버튼에서 손을 떼면 게이트가 닫히고, 원하는 높이에서 고정 | D25: =IF(케이스목록!$D25="","",케이스목록!$D25) -> 9401991000 | E25: =IF(케이스목록!$H25="","",케이스목록!$H25) -> O | F25: X | G25: X | H25: 8412.31-0000 | I25: =IF(OR($D25="",$H25=""),"",IF(LEFT(SUBSTITUTE(SUBSTITUTE(SUBSTITUTE(SUBSTITUTE(SUBSTITUTE($D25,".",""),"-","")," ","")," ",""),CHAR(9),""),4)=LEFT(SUBSTITUTE(SUBSTITUTE(SUBSTITUTE(SUBSTITUTE(SUBSTITUTE($H25,".",""),"-","")," ","")," ",""),CHAR(9),""),4),1,0)) -> 0 | J25: =IF(OR($D25="",$H25=""),"",IF(LEFT(SUBSTITUTE(SUBSTITUTE(SUBSTITUTE(SUBSTITUTE(SUBSTITUTE($D25,".",""),"-","")," ","")," ",""),CHAR(9),""),6)=LEFT(SUBSTITUTE(SUBSTITUTE(SUBSTITUTE(SUBSTITUTE(SUBSTITUTE($H25,".",""),"-","")," ","")," ",""),CHAR(9),""),6),1,0)) -> 0 | K25: =IF(OR($D25="",$H25=""),"",IF(SUBSTITUTE(SUBSTITUTE(SUBSTITUTE(SUBSTITUTE(SUBSTITUTE($D25,".",""),"-","")," ","")," ",""),CHAR(9),"")=SUBSTITUTE(SUBSTITUTE(SUBSTITUTE(SUBSTITUTE(SUBSTITUTE($H25,".",""),"-","")," ","")," ",""),CHAR(9),""),1,0)) -> 0 | L25: 8412.31-0000 | M25: 9401.99-9000 | N25: 7320.90-9000 | O25: =IF(OR($D25="",$L25=""),"",IF(LEFT(SUBSTITUTE(SUBSTITUTE(SUBSTITUTE(SUBSTITUTE(SUBSTITUTE($D25,".",""),"-","")," ","")," ",""),CHAR(9),""),6)=LEFT(SUBSTITUTE(SUBSTITUTE(SUBSTITUTE(SUBSTITUTE(SUBSTITUTE($L25,".",""),"-","")," ","")," ",""),CHAR(9),""),6),1,0)) -> 0 | P25: =IF(OR($D25="",$L25=""),"",IF(OR(LEFT(SUBSTITUTE(SUBSTITUTE(SUBSTITUTE(SUBSTITUTE(SUBSTITUTE($D25,".",""),"-","")," ","")," ",""),CHAR(9),""),6)=LEFT(SUBSTITUTE(SUBSTITUTE(SUBSTITUTE(SUBSTITUTE(SUBSTITUTE($L25,".",""),"-","")," ","")," ",""),CHAR(9),""),6),LEFT(SUBSTITUTE(SUBSTITUTE(SUBSTITUTE(SUBSTITUTE(SUBSTITUTE($D25,".",""),"-","")," ","")," ",""),CHAR(9),""),6)=LEFT(SUBSTITUTE(SUBSTITUTE(SUBSTITUTE(SUBSTITUTE(SUBSTITUTE($M25,".",""),"-","")," ","")," ",""),CHAR(9),""),6),LEFT(SUBSTITUTE(SUBSTITUTE(SUBSTITUTE(SUBSTITUTE(SUBSTITUTE($D25,".",""),"-","")," ","")," ",""),CHAR(9),""),6)=LEFT(SUBSTITUTE(SUBSTITUTE(SUBSTITUTE(SUBSTITUTE(SUBSTITUTE($N25,".",""),"-","")," ","")," ",""),CHAR(9),""),6)),1,0)) -> 1 | Q25: 호 경합 판단 오류 | R25: 모델은 물품의 '기계적 작동 원리(가스 압력)'만을 지나치게 강조하여 제8412호를 1순위로 잘못 판정
A26: 22 | B26: =IF(케이스목록!$B26="","",케이스목록!$B26) -> 품목분류4과-676 | C26: =IF(케이스목록!$E26="","",케이스목록!$E26) -> ㅇ (개요) 수용성고분자(Cas No. 577705-43-2), 물로 구성된 투명한 점조 액상 [제시자료] - (성분) - (수용성고분자 구조식) 아크릴산과 VPEG*의 공중합체 * 비닐기를 가진 폴리옥시에틸렌(폴리에틸렌 글리콜) 모노메탈릴 에테르 (CAS No. 31497-33-3) - 주쇄**가 아크릴산으로 형성되고, VPEG가 가지형태로 결합된 구조 ** 주쇄 : 고분자 화합물의 핵심 골격을 이루는 사슬 - (반복단위 수) 아크릴산 29, VPEG 13 → 중합도 5 이상 - (생산 중량비) VPEG : 아크릴산 = 100 : 13*** *** 중량 백분율 : VPEG[88.5%, 100/(100+13)*100], 아크릴산[11.5%, 13/(100+13)*100] ㅇ (용도) 콘크리트 혼화제(특정한 성능을 부여하는 첨가제) 원료 - 콘크리트는 일반적으로 시멘트, 자갈, 모래, 물을 주원료로 하여 제조 - 콘크리트의 강도를 높이기 위해 물의 양을 줄이게 되면, 반죽의 점도가 높아져 작업성이 저하되는 문제가 발생할 수 있음 - 본건 물품은 시멘트 입자를 효과적으로 분산시켜 물의 양을 줄이더라도 반죽이 과도하게 되직해지지 않도록 도와주며, 작업성과 강도를 동시에 확보할 수 있도록 함 ㅇ (분석결과) Polyethylene glycol monomethallyl ether(폴리옥시에틸렌, 최대중량, 95% 미만)와 아크릴산의 공중합체, 물로 구성된 미황색 투명 점조액상[중합도 5 이상, 20℃에서 0.5% 수용액의 표면장력이 45dyne/cm 초과] | D26: =IF(케이스목록!$D26="","",케이스목록!$D26) -> 3907291090 | E26: =IF(케이스목록!$H26="","",케이스목록!$H26) -> O | F26: X | G26: X | H26: 3907.29.9000 | I26: =IF(OR($D26="",$H26=""),"",IF(LEFT(SUBSTITUTE(SUBSTITUTE(SUBSTITUTE(SUBSTITUTE(SUBSTITUTE($D26,".",""),"-","")," ","")," ",""),CHAR(9),""),4)=LEFT(SUBSTITUTE(SUBSTITUTE(SUBSTITUTE(SUBSTITUTE(SUBSTITUTE($H26,".",""),"-","")," ","")," ",""),CHAR(9),""),4),1,0)) -> 1 | J26: =IF(OR($D26="",$H26=""),"",IF(LEFT(SUBSTITUTE(SUBSTITUTE(SUBSTITUTE(SUBSTITUTE(SUBSTITUTE($D26,".",""),"-","")," ","")," ",""),CHAR(9),""),6)=LEFT(SUBSTITUTE(SUBSTITUTE(SUBSTITUTE(SUBSTITUTE(SUBSTITUTE($H26,".",""),"-","")," ","")," ",""),CHAR(9),""),6),1,0)) -> 1 | K26: =IF(OR($D26="",$H26=""),"",IF(SUBSTITUTE(SUBSTITUTE(SUBSTITUTE(SUBSTITUTE(SUBSTITUTE($D26,".",""),"-","")," ","")," ",""),CHAR(9),"")=SUBSTITUTE(SUBSTITUTE(SUBSTITUTE(SUBSTITUTE(SUBSTITUTE($H26,".",""),"-","")," ","")," ",""),CHAR(9),""),1,0)) -> 0 | L26: 3907.29.9000 | M26: 3824.40.0000 | N26: 3906.90.9000 | O26: =IF(OR($D26="",$L26=""),"",IF(LEFT(SUBSTITUTE(SUBSTITUTE(SUBSTITUTE(SUBSTITUTE(SUBSTITUTE($D26,".",""),"-","")," ","")," ",""),CHAR(9),""),6)=LEFT(SUBSTITUTE(SUBSTITUTE(SUBSTITUTE(SUBSTITUTE(SUBSTITUTE($L26,".",""),"-","")," ","")," ",""),CHAR(9),""),6),1,0)) -> 1 | P26: =IF(OR($D26="",$L26=""),"",IF(OR(LEFT(SUBSTITUTE(SUBSTITUTE(SUBSTITUTE(SUBSTITUTE(SUBSTITUTE($D26,".",""),"-","")," ","")," ",""),CHAR(9),""),6)=LEFT(SUBSTITUTE(SUBSTITUTE(SUBSTITUTE(SUBSTITUTE(SUBSTITUTE($L26,".",""),"-","")," ","")," ",""),CHAR(9),""),6),LEFT(SUBSTITUTE(SUBSTITUTE(SUBSTITUTE(SUBSTITUTE(SUBSTITUTE($D26,".",""),"-","")," ","")," ",""),CHAR(9),""),6)=LEFT(SUBSTITUTE(SUBSTITUTE(SUBSTITUTE(SUBSTITUTE(SUBSTITUTE($M26,".",""),"-","")," ","")," ",""),CHAR(9),""),6),LEFT(SUBSTITUTE(SUBSTITUTE(SUBSTITUTE(SUBSTITUTE(SUBSTITUTE($D26,".",""),"-","")," ","")," ",""),CHAR(9),""),6)=LEFT(SUBSTITUTE(SUBSTITUTE(SUBSTITUTE(SUBSTITUTE(SUBSTITUTE($N26,".",""),"-","")," ","")," ",""),CHAR(9),""),6)),1,0)) -> 1 | Q26: 한국 고유 세번(10자리) 오류 | R26: 공중합체는 단량체 중 최대 중량을 차지하는 성분의 호로 분류해야 합니다. 정답(3907.29-1090): 제시된 물품은 VPEG(폴리옥시에틸렌계)가 88.5%로 최대 중량을 차지하므로, 관세평가분류원은 이를 명확히 '폴리옥시에틸렌과 그 공중합체'가 특게(특정하여 열거)되어 있는 -1090 코드로 분류
A27: 23 | B27: =IF(케이스목록!$B27="","",케이스목록!$B27) -> 품목분류4과-174 | C27: =IF(케이스목록!$E27="","",케이스목록!$E27) -> ㅇ 물품개요 - 바깥바닥은 플라스틱, 갑피는 가죽으로 만든 발목을 덮지 않고 발가락, 발등, 뒤꿈치의 일부분이 노출되는 샌들형태의 신발 - 제시성분(바깥바닥: 폴리우레탄, 갑피: 소가죽 100%) | D27: =IF(케이스목록!$D27="","",케이스목록!$D27) -> 6403999000 | E27: =IF(케이스목록!$H27="","",케이스목록!$H27) -> O | F27: X | G27: X | H27: 6403.99-9090 | I27: =IF(OR($D27="",$H27=""),"",IF(LEFT(SUBSTITUTE(SUBSTITUTE(SUBSTITUTE(SUBSTITUTE(SUBSTITUTE($D27,".",""),"-","")," ","")," ",""),CHAR(9),""),4)=LEFT(SUBSTITUTE(SUBSTITUTE(SUBSTITUTE(SUBSTITUTE(SUBSTITUTE($H27,".",""),"-","")," ","")," ",""),CHAR(9),""),4),1,0)) -> 1 | J27: =IF(OR($D27="",$H27=""),"",IF(LEFT(SUBSTITUTE(SUBSTITUTE(SUBSTITUTE(SUBSTITUTE(SUBSTITUTE($D27,".",""),"-","")," ","")," ",""),CHAR(9),""),6)=LEFT(SUBSTITUTE(SUBSTITUTE(SUBSTITUTE(SUBSTITUTE(SUBSTITUTE($H27,".",""),"-","")," ","")," ",""),CHAR(9),""),6),1,0)) -> 1 | K27: =IF(OR($D27="",$H27=""),"",IF(SUBSTITUTE(SUBSTITUTE(SUBSTITUTE(SUBSTITUTE(SUBSTITUTE($D27,".",""),"-","")," ","")," ",""),CHAR(9),"")=SUBSTITUTE(SUBSTITUTE(SUBSTITUTE(SUBSTITUTE(SUBSTITUTE($H27,".",""),"-","")," ","")," ",""),CHAR(9),""),1,0)) -> 0 | L27: 6403.99-9090 | M27: 6403.99-1000 | N27: 6403.91-9090 | O27: =IF(OR($D27="",$L27=""),"",IF(LEFT(SUBSTITUTE(SUBSTITUTE(SUBSTITUTE(SUBSTITUTE(SUBSTITUTE($D27,".",""),"-","")," ","")," ",""),CHAR(9),""),6)=LEFT(SUBSTITUTE(SUBSTITUTE(SUBSTITUTE(SUBSTITUTE(SUBSTITUTE($L27,".",""),"-","")," ","")," ",""),CHAR(9),""),6),1,0)) -> 1 | P27: =IF(OR($D27="",$L27=""),"",IF(OR(LEFT(SUBSTITUTE(SUBSTITUTE(SUBSTITUTE(SUBSTITUTE(SUBSTITUTE($D27,".",""),"-","")," ","")," ",""),CHAR(9),""),6)=LEFT(SUBSTITUTE(SUBSTITUTE(SUBSTITUTE(SUBSTITUTE(SUBSTITUTE($L27,".",""),"-","")," ","")," ",""),CHAR(9),""),6),LEFT(SUBSTITUTE(SUBSTITUTE(SUBSTITUTE(SUBSTITUTE(SUBSTITUTE($D27,".",""),"-","")," ","")," ",""),CHAR(9),""),6)=LEFT(SUBSTITUTE(SUBSTITUTE(SUBSTITUTE(SUBSTITUTE(SUBSTITUTE($M27,".",""),"-","")," ","")," ",""),CHAR(9),""),6),LEFT(SUBSTITUTE(SUBSTITUTE(SUBSTITUTE(SUBSTITUTE(SUBSTITUTE($D27,".",""),"-","")," ","")," ",""),CHAR(9),""),6)=LEFT(SUBSTITUTE(SUBSTITUTE(SUBSTITUTE(SUBSTITUTE(SUBSTITUTE($N27,".",""),"-","")," ","")," ",""),CHAR(9),""),6)),1,0)) -> 1 | Q27: 존재하지 않는 코드 생성 | R27: 관세율표에 실존하지 않는 코드(6403.99-9090)를 임의로 생성함.
A28: 24 | B28: =IF(케이스목록!$B28="","",케이스목록!$B28) -> 품목분류3과-183 | C28: =IF(케이스목록!$E28="","",케이스목록!$E28) -> ㅇ 물품개요 - Rear Arm, Front Arm, Clamp, VESA Plate, 볼트 등이 미조립 상태로 포장된 것으로, 조립하면 모니터용 ARM이 완성됨 - 책상에 고정되어 모니터 지지 및 위치를 조절해 주는 기능을 수행 ㅇ 주요 구성요소별 기능 - VESA Plate : 모니터 후면에 결합 부분 - Front Arm(상부) : VESA Plate와 Rear Arm 사이 연결 부분, Gas Spring이 내장되어 있어, 시용자의 요구에 따라 상하·좌우·전후로 움직임 가능 - Rear Arm(하부) : Front Arm과 Clamp 연결 부분, 좌우 방향으로 움직임 가능 - Clamp(2종) : 책상에 고정해 주는 부분으로 클램프 타입과 홀 타입로 구성되며, 장착 방법에 따라 선택적 사용됨(미선택 타입은 미사용됨) ㅇ 구성 요소별 상세 중량 - 각각의 구성요소는 주로 철강과 알루미늄으로 구성되며, 조립 완성된 물품의 경우 선택되는 클램프 타입에 따라 철강 또는 알루미늄이 최대 중량임 * 클램프 타입인 경우 철강이, 홀 타입인 경우 알루미늄이 최대 중량임 | D28: =IF(케이스목록!$D28="","",케이스목록!$D28) -> 7616999090 | E28: =IF(케이스목록!$H28="","",케이스목록!$H28) -> O | F28: X | G28: X | H28: 8302.50-0000 | I28: =IF(OR($D28="",$H28=""),"",IF(LEFT(SUBSTITUTE(SUBSTITUTE(SUBSTITUTE(SUBSTITUTE(SUBSTITUTE($D28,".",""),"-","")," ","")," ",""),CHAR(9),""),4)=LEFT(SUBSTITUTE(SUBSTITUTE(SUBSTITUTE(SUBSTITUTE(SUBSTITUTE($H28,".",""),"-","")," ","")," ",""),CHAR(9),""),4),1,0)) -> 0 | J28: =IF(OR($D28="",$H28=""),"",IF(LEFT(SUBSTITUTE(SUBSTITUTE(SUBSTITUTE(SUBSTITUTE(SUBSTITUTE($D28,".",""),"-","")," ","")," ",""),CHAR(9),""),6)=LEFT(SUBSTITUTE(SUBSTITUTE(SUBSTITUTE(SUBSTITUTE(SUBSTITUTE($H28,".",""),"-","")," ","")," ",""),CHAR(9),""),6),1,0)) -> 0 | K28: =IF(OR($D28="",$H28=""),"",IF(SUBSTITUTE(SUBSTITUTE(SUBSTITUTE(SUBSTITUTE(SUBSTITUTE($D28,".",""),"-","")," ","")," ",""),CHAR(9),"")=SUBSTITUTE(SUBSTITUTE(SUBSTITUTE(SUBSTITUTE(SUBSTITUTE($H28,".",""),"-","")," ","")," ",""),CHAR(9),""),1,0)) -> 0 | L28: 8302.50-0000 | M28: 8302.42-0000 | N28: 8529.90-9090 | O28: =IF(OR($D28="",$L28=""),"",IF(LEFT(SUBSTITUTE(SUBSTITUTE(SUBSTITUTE(SUBSTITUTE(SUBSTITUTE($D28,".",""),"-","")," ","")," ",""),CHAR(9),""),6)=LEFT(SUBSTITUTE(SUBSTITUTE(SUBSTITUTE(SUBSTITUTE(SUBSTITUTE($L28,".",""),"-","")," ","")," ",""),CHAR(9),""),6),1,0)) -> 0 | P28: =IF(OR($D28="",$L28=""),"",IF(OR(LEFT(SUBSTITUTE(SUBSTITUTE(SUBSTITUTE(SUBSTITUTE(SUBSTITUTE($D28,".",""),"-","")," ","")," ",""),CHAR(9),""),6)=LEFT(SUBSTITUTE(SUBSTITUTE(SUBSTITUTE(SUBSTITUTE(SUBSTITUTE($L28,".",""),"-","")," ","")," ",""),CHAR(9),""),6),LEFT(SUBSTITUTE(SUBSTITUTE(SUBSTITUTE(SUBSTITUTE(SUBSTITUTE($D28,".",""),"-","")," ","")," ",""),CHAR(9),""),6)=LEFT(SUBSTITUTE(SUBSTITUTE(SUBSTITUTE(SUBSTITUTE(SUBSTITUTE($M28,".",""),"-","")," ","")," ",""),CHAR(9),""),6),LEFT(SUBSTITUTE(SUBSTITUTE(SUBSTITUTE(SUBSTITUTE(SUBSTITUTE($D28,".",""),"-","")," ","")," ",""),CHAR(9),""),6)=LEFT(SUBSTITUTE(SUBSTITUTE(SUBSTITUTE(SUBSTITUTE(SUBSTITUTE($N28,".",""),"-","")," ","")," ",""),CHAR(9),""),6)),1,0)) -> 0 | Q28: 복합재질 주된재질 판단 실패 | R28: , 모델이 물품의 혼합 재질 상태를 인지했음에도 불구하고 복합재질 물품의 중량 경합 해결 원칙(통칙 3호 다목)을 적용하는 데 실패하고 포괄적인 용도(브래킷) 단위로 도망쳤기 때문에
A29: 25 | B29: =IF(케이스목록!$B29="","",케이스목록!$B29) -> 품목분류2과-1452 | C29: =IF(케이스목록!$E29="","",케이스목록!$E29) -> ㅇ 물품개요 - 상기 성분으로 혼합된 황색∼갈색계 점조액상 - 용도 : 식용 | D29: =IF(케이스목록!$D29="","",케이스목록!$D29) -> 0409000000 | E29: =IF(케이스목록!$H29="","",케이스목록!$H29) -> O | F29: X | G29: X | H29: 2106.90-9099 | I29: =IF(OR($D29="",$H29=""),"",IF(LEFT(SUBSTITUTE(SUBSTITUTE(SUBSTITUTE(SUBSTITUTE(SUBSTITUTE($D29,".",""),"-","")," ","")," ",""),CHAR(9),""),4)=LEFT(SUBSTITUTE(SUBSTITUTE(SUBSTITUTE(SUBSTITUTE(SUBSTITUTE($H29,".",""),"-","")," ","")," ",""),CHAR(9),""),4),1,0)) -> 0 | J29: =IF(OR($D29="",$H29=""),"",IF(LEFT(SUBSTITUTE(SUBSTITUTE(SUBSTITUTE(SUBSTITUTE(SUBSTITUTE($D29,".",""),"-","")," ","")," ",""),CHAR(9),""),6)=LEFT(SUBSTITUTE(SUBSTITUTE(SUBSTITUTE(SUBSTITUTE(SUBSTITUTE($H29,".",""),"-","")," ","")," ",""),CHAR(9),""),6),1,0)) -> 0 | K29: =IF(OR($D29="",$H29=""),"",IF(SUBSTITUTE(SUBSTITUTE(SUBSTITUTE(SUBSTITUTE(SUBSTITUTE($D29,".",""),"-","")," ","")," ",""),CHAR(9),"")=SUBSTITUTE(SUBSTITUTE(SUBSTITUTE(SUBSTITUTE(SUBSTITUTE($H29,".",""),"-","")," ","")," ",""),CHAR(9),""),1,0)) -> 0 | L29: 2106.90-9099 | M29: 2106.90-4090 | N29: 0409.00-0000 | O29: =IF(OR($D29="",$L29=""),"",IF(LEFT(SUBSTITUTE(SUBSTITUTE(SUBSTITUTE(SUBSTITUTE(SUBSTITUTE($D29,".",""),"-","")," ","")," ",""),CHAR(9),""),6)=LEFT(SUBSTITUTE(SUBSTITUTE(SUBSTITUTE(SUBSTITUTE(SUBSTITUTE($L29,".",""),"-","")," ","")," ",""),CHAR(9),""),6),1,0)) -> 0 | P29: =IF(OR($D29="",$L29=""),"",IF(OR(LEFT(SUBSTITUTE(SUBSTITUTE(SUBSTITUTE(SUBSTITUTE(SUBSTITUTE($D29,".",""),"-","")," ","")," ",""),CHAR(9),""),6)=LEFT(SUBSTITUTE(SUBSTITUTE(SUBSTITUTE(SUBSTITUTE(SUBSTITUTE($L29,".",""),"-","")," ","")," ",""),CHAR(9),""),6),LEFT(SUBSTITUTE(SUBSTITUTE(SUBSTITUTE(SUBSTITUTE(SUBSTITUTE($D29,".",""),"-","")," ","")," ",""),CHAR(9),""),6)=LEFT(SUBSTITUTE(SUBSTITUTE(SUBSTITUTE(SUBSTITUTE(SUBSTITUTE($M29,".",""),"-","")," ","")," ",""),CHAR(9),""),6),LEFT(SUBSTITUTE(SUBSTITUTE(SUBSTITUTE(SUBSTITUTE(SUBSTITUTE($D29,".",""),"-","")," ","")," ",""),CHAR(9),""),6)=LEFT(SUBSTITUTE(SUBSTITUTE(SUBSTITUTE(SUBSTITUTE(SUBSTITUTE($N29,".",""),"-","")," ","")," ",""),CHAR(9),""),6)),1,0)) -> 1 | Q29: 호 경합 판단 오류 | R29: 통칙 제2호 나목에 따른 '본질적 특성(꿀)' 유지 여부를 먼저 따져야 함에도 불구하고, 모델은 "다른 성분이 조금이라도 들어가면 무조건 가공식품(2106호)으로 빠진다"고 단정
A30: 26 | B30: =IF(케이스목록!$B30="","",케이스목록!$B30) -> 품목분류4과-947 | C30: =IF(케이스목록!$E30="","",케이스목록!$E30) -> 크롬-몰리브데넘강 재질의 중공이 있는 특정 형상의 물품으로 기계식 선박 엔진(출력: 2,000kw 초과)의 캠샤프트(cam shaft)에 조립되어 샤프트가 회전하면 이를 직선운동으로 바꾸어 밸브에 동력을 전달하는 물품 - 동력전달 순서 : Camshaft → Fuel cam → Fuel & exh’ gear → Fuel Pump → Fuel valve → 연료 분사 | D30: =IF(케이스목록!$D30="","",케이스목록!$D30) -> 8483909000 | E30: =IF(케이스목록!$H30="","",케이스목록!$H30) -> O | F30: X | G30: X | H30: 8409.99-3030 | I30: =IF(OR($D30="",$H30=""),"",IF(LEFT(SUBSTITUTE(SUBSTITUTE(SUBSTITUTE(SUBSTITUTE(SUBSTITUTE($D30,".",""),"-","")," ","")," ",""),CHAR(9),""),4)=LEFT(SUBSTITUTE(SUBSTITUTE(SUBSTITUTE(SUBSTITUTE(SUBSTITUTE($H30,".",""),"-","")," ","")," ",""),CHAR(9),""),4),1,0)) -> 0 | J30: =IF(OR($D30="",$H30=""),"",IF(LEFT(SUBSTITUTE(SUBSTITUTE(SUBSTITUTE(SUBSTITUTE(SUBSTITUTE($D30,".",""),"-","")," ","")," ",""),CHAR(9),""),6)=LEFT(SUBSTITUTE(SUBSTITUTE(SUBSTITUTE(SUBSTITUTE(SUBSTITUTE($H30,".",""),"-","")," ","")," ",""),CHAR(9),""),6),1,0)) -> 0 | K30: =IF(OR($D30="",$H30=""),"",IF(SUBSTITUTE(SUBSTITUTE(SUBSTITUTE(SUBSTITUTE(SUBSTITUTE($D30,".",""),"-","")," ","")," ",""),CHAR(9),"")=SUBSTITUTE(SUBSTITUTE(SUBSTITUTE(SUBSTITUTE(SUBSTITUTE($H30,".",""),"-","")," ","")," ",""),CHAR(9),""),1,0)) -> 0 | L30: 8409.99-3030 | M30: 8409.99-9090 | N30: 8483.90-1090 | O30: =IF(OR($D30="",$L30=""),"",IF(LEFT(SUBSTITUTE(SUBSTITUTE(SUBSTITUTE(SUBSTITUTE(SUBSTITUTE($D30,".",""),"-","")," ","")," ",""),CHAR(9),""),6)=LEFT(SUBSTITUTE(SUBSTITUTE(SUBSTITUTE(SUBSTITUTE(SUBSTITUTE($L30,".",""),"-","")," ","")," ",""),CHAR(9),""),6),1,0)) -> 0 | P30: =IF(OR($D30="",$L30=""),"",IF(OR(LEFT(SUBSTITUTE(SUBSTITUTE(SUBSTITUTE(SUBSTITUTE(SUBSTITUTE($D30,".",""),"-","")," ","")," ",""),CHAR(9),""),6)=LEFT(SUBSTITUTE(SUBSTITUTE(SUBSTITUTE(SUBSTITUTE(SUBSTITUTE($L30,".",""),"-","")," ","")," ",""),CHAR(9),""),6),LEFT(SUBSTITUTE(SUBSTITUTE(SUBSTITUTE(SUBSTITUTE(SUBSTITUTE($D30,".",""),"-","")," ","")," ",""),CHAR(9),""),6)=LEFT(SUBSTITUTE(SUBSTITUTE(SUBSTITUTE(SUBSTITUTE(SUBSTITUTE($M30,".",""),"-","")," ","")," ",""),CHAR(9),""),6),LEFT(SUBSTITUTE(SUBSTITUTE(SUBSTITUTE(SUBSTITUTE(SUBSTITUTE($D30,".",""),"-","")," ","")," ",""),CHAR(9),""),6)=LEFT(SUBSTITUTE(SUBSTITUTE(SUBSTITUTE(SUBSTITUTE(SUBSTITUTE($N30,".",""),"-","")," ","")," ",""),CHAR(9),""),6)),1,0)) -> 1 | Q30: 호 경합 판단 오류 | R30: 해설서 규정의 자의적 오해석: 오답 모델의 1순위 근거를 보면 "해설서 규정에 따라 엔진 부품으로 사용되는 캠은 제8483호에서 제외되어 제8409호로 간주된다"고 주장합니다. 이는 관세율표 해설서를 완전히 잘못 해석한 환각(Hallucination) 오류입니다. 우선순위(경합) 원칙 위반: 모델은 해당 물품이 '엔진에 들어간다'는 최종 용도에만 매몰되었습니다. 두 개의 호(8409호 vs 8483호)가 경합할 때 특정 부품의 호(8483)를 기계 전체의 부품 호(8409)보다 우선해야 한다는 법적 우선순위 규칙을 정면으로 위반하고 제8409호를 선택했습니다.
A31: 27 | B31: =IF(케이스목록!$B31="","",케이스목록!$B31) -> 품목분류3과-1088 | C31: =IF(케이스목록!$E31="","",케이스목록!$E31) -> ㅇ 물품 개요 - 폴리에틸렌 스트립(시폭: 2.5㎜, 두께: 0.08㎜)을 위․경사로 직조한 평직물 양면에 폴리에틸렌 수지로 완전히 도포하여 만든 정사각형 시트로, 가장자리는 접어서 마감처리하고, 일정한 간격으로 금속제 아일릿(eyelet)을 부착한 것 - (제시 규격) 5m × 5m, 중량: 120g/m2, 두께: 약 0.23㎜ - (용도) 화물 보호용 덮개, 임시 가림막, 차양막, 캠핑용 방수 시트 등 - (제조공정) 원재료(PE) 칩 입고 → 원사 생산 → 직조 → 방수액 코팅 → 가장자리 압출 → 절단 → 아일렛 부착 → 완제품 포장 | D31: =IF(케이스목록!$D31="","",케이스목록!$D31) -> 3926909000 | E31: =IF(케이스목록!$H31="","",케이스목록!$H31) -> O | F31: X | G31: X | H31: 6306.12-0000 | I31: =IF(OR($D31="",$H31=""),"",IF(LEFT(SUBSTITUTE(SUBSTITUTE(SUBSTITUTE(SUBSTITUTE(SUBSTITUTE($D31,".",""),"-","")," ","")," ",""),CHAR(9),""),4)=LEFT(SUBSTITUTE(SUBSTITUTE(SUBSTITUTE(SUBSTITUTE(SUBSTITUTE($H31,".",""),"-","")," ","")," ",""),CHAR(9),""),4),1,0)) -> 0 | J31: =IF(OR($D31="",$H31=""),"",IF(LEFT(SUBSTITUTE(SUBSTITUTE(SUBSTITUTE(SUBSTITUTE(SUBSTITUTE($D31,".",""),"-","")," ","")," ",""),CHAR(9),""),6)=LEFT(SUBSTITUTE(SUBSTITUTE(SUBSTITUTE(SUBSTITUTE(SUBSTITUTE($H31,".",""),"-","")," ","")," ",""),CHAR(9),""),6),1,0)) -> 0 | K31: =IF(OR($D31="",$H31=""),"",IF(SUBSTITUTE(SUBSTITUTE(SUBSTITUTE(SUBSTITUTE(SUBSTITUTE($D31,".",""),"-","")," ","")," ",""),CHAR(9),"")=SUBSTITUTE(SUBSTITUTE(SUBSTITUTE(SUBSTITUTE(SUBSTITUTE($H31,".",""),"-","")," ","")," ",""),CHAR(9),""),1,0)) -> 0 | L31: 6306.12-0000 | M31: 3926.90-9000 | N31: 6307.90-9000 | O31: =IF(OR($D31="",$L31=""),"",IF(LEFT(SUBSTITUTE(SUBSTITUTE(SUBSTITUTE(SUBSTITUTE(SUBSTITUTE($D31,".",""),"-","")," ","")," ",""),CHAR(9),""),6)=LEFT(SUBSTITUTE(SUBSTITUTE(SUBSTITUTE(SUBSTITUTE(SUBSTITUTE($L31,".",""),"-","")," ","")," ",""),CHAR(9),""),6),1,0)) -> 0 | P31: =IF(OR($D31="",$L31=""),"",IF(OR(LEFT(SUBSTITUTE(SUBSTITUTE(SUBSTITUTE(SUBSTITUTE(SUBSTITUTE($D31,".",""),"-","")," ","")," ",""),CHAR(9),""),6)=LEFT(SUBSTITUTE(SUBSTITUTE(SUBSTITUTE(SUBSTITUTE(SUBSTITUTE($L31,".",""),"-","")," ","")," ",""),CHAR(9),""),6),LEFT(SUBSTITUTE(SUBSTITUTE(SUBSTITUTE(SUBSTITUTE(SUBSTITUTE($D31,".",""),"-","")," ","")," ",""),CHAR(9),""),6)=LEFT(SUBSTITUTE(SUBSTITUTE(SUBSTITUTE(SUBSTITUTE(SUBSTITUTE($M31,".",""),"-","")," ","")," ",""),CHAR(9),""),6),LEFT(SUBSTITUTE(SUBSTITUTE(SUBSTITUTE(SUBSTITUTE(SUBSTITUTE($D31,".",""),"-","")," ","")," ",""),CHAR(9),""),6)=LEFT(SUBSTITUTE(SUBSTITUTE(SUBSTITUTE(SUBSTITUTE(SUBSTITUTE($N31,".",""),"-","")," ","")," ",""),CHAR(9),""),6)),1,0)) -> 1 | Q31: 호 경합 판단 오류 | R31: 모델은 "폭 5mm 이하의 PE 스트립은 방직용 섬유로 본다"는 원재료의 초기 속성과 "화물 보호용 덮개로 쓰인다"는 표면적인 용도에만 과도하게 집중했습니다. 결과적으로 양면 도포 시 방직용 섬유에서 원천 배제된다는 관세율표의 강력한 법적 지침을 무시하고 제6306호를 1순위로 잘못 판정
A32: 28 | B32: =IF(케이스목록!$B32="","",케이스목록!$B32) -> 품목분류3과-200 | C32: =IF(케이스목록!$E32="","",케이스목록!$E32) -> ㅇ 물품 개요 - 플라스틱으로 피복된 전선 양 끝단에 접속용 커넥터가 부착되어 있는 물품 (길이: 0.6 m) - 용도 : 지문인식기(4 Fingerprint)와 전산 기기(투표기*)를 연결하는 절연전선으로, 지문인식 신호와 지문 이미지 데이터 전송 * 투표기 : 중앙 서버에 저장되어 있는 선거인 명부의 지문 이미지를 조회하여 지문인식기의 이미지를 통해 투표권자임을 확인(사용자의 필요에 따라 프로그램 자유롭게 작성 불가) - 구성 요소 : USB 플러그(전산 기기 연결부), PVC 케이블, GH1.25단자 커넥터(지문인식기 연결부) | D32: =IF(케이스목록!$D32="","",케이스목록!$D32) -> 8544422090 | E32: =IF(케이스목록!$H32="","",케이스목록!$H32) -> O | F32: X | G32: X | H32: 8544.42-2090 | I32: =IF(OR($D32="",$H32=""),"",IF(LEFT(SUBSTITUTE(SUBSTITUTE(SUBSTITUTE(SUBSTITUTE(SUBSTITUTE($D32,".",""),"-","")," ","")," ",""),CHAR(9),""),4)=LEFT(SUBSTITUTE(SUBSTITUTE(SUBSTITUTE(SUBSTITUTE(SUBSTITUTE($H32,".",""),"-","")," ","")," ",""),CHAR(9),""),4),1,0)) -> 1 | J32: =IF(OR($D32="",$H32=""),"",IF(LEFT(SUBSTITUTE(SUBSTITUTE(SUBSTITUTE(SUBSTITUTE(SUBSTITUTE($D32,".",""),"-","")," ","")," ",""),CHAR(9),""),6)=LEFT(SUBSTITUTE(SUBSTITUTE(SUBSTITUTE(SUBSTITUTE(SUBSTITUTE($H32,".",""),"-","")," ","")," ",""),CHAR(9),""),6),1,0)) -> 1 | K32: =IF(OR($D32="",$H32=""),"",IF(SUBSTITUTE(SUBSTITUTE(SUBSTITUTE(SUBSTITUTE(SUBSTITUTE($D32,".",""),"-","")," ","")," ",""),CHAR(9),"")=SUBSTITUTE(SUBSTITUTE(SUBSTITUTE(SUBSTITUTE(SUBSTITUTE($H32,".",""),"-","")," ","")," ",""),CHAR(9),""),1,0)) -> 1 | L32: 8544.42-2090 | M32: 8544.42-9090 | N32: 8473.30-9090 8543.90-9090 | O32: =IF(OR($D32="",$L32=""),"",IF(LEFT(SUBSTITUTE(SUBSTITUTE(SUBSTITUTE(SUBSTITUTE(SUBSTITUTE($D32,".",""),"-","")," ","")," ",""),CHAR(9),""),6)=LEFT(SUBSTITUTE(SUBSTITUTE(SUBSTITUTE(SUBSTITUTE(SUBSTITUTE($L32,".",""),"-","")," ","")," ",""),CHAR(9),""),6),1,0)) -> 1 | P32: =IF(OR($D32="",$L32=""),"",IF(OR(LEFT(SUBSTITUTE(SUBSTITUTE(SUBSTITUTE(SUBSTITUTE(SUBSTITUTE($D32,".",""),"-","")," ","")," ",""),CHAR(9),""),6)=LEFT(SUBSTITUTE(SUBSTITUTE(SUBSTITUTE(SUBSTITUTE(SUBSTITUTE($L32,".",""),"-","")," ","")," ",""),CHAR(9),""),6),LEFT(SUBSTITUTE(SUBSTITUTE(SUBSTITUTE(SUBSTITUTE(SUBSTITUTE($D32,".",""),"-","")," ","")," ",""),CHAR(9),""),6)=LEFT(SUBSTITUTE(SUBSTITUTE(SUBSTITUTE(SUBSTITUTE(SUBSTITUTE($M32,".",""),"-","")," ","")," ",""),CHAR(9),""),6),LEFT(SUBSTITUTE(SUBSTITUTE(SUBSTITUTE(SUBSTITUTE(SUBSTITUTE($D32,".",""),"-","")," ","")," ",""),CHAR(9),""),6)=LEFT(SUBSTITUTE(SUBSTITUTE(SUBSTITUTE(SUBSTITUTE(SUBSTITUTE($N32,".",""),"-","")," ","")," ",""),CHAR(9),""),6)),1,0)) -> 1
A33: 29 | B33: =IF(케이스목록!$B33="","",케이스목록!$B33) -> 품목분류2과-267 | C33: =IF(케이스목록!$E33="","",케이스목록!$E33) -> 덩어리상의 닭고기조각 22.2%와 토마토페이스트 11.7%, 캐슈페이스트 3.3%, 버터오일 3.3%, 유크림 3.3%, 설탕 2.5%, 토마토케첩 1.9%, 토마토퓨레 1.7%, 볶은양파 1.4%, 쿠민, 고수, 소두구, 계피, 후추, 정향, 회향, 육두구, 월계수, 파프리카, 생강, 마늘, 강황, 호로파잎, 전분, 소금, 밀가루, 정제수 등으로 조제한 적황색 페이스트를 파우치 팩에 소매포장한 것(내용량 180g) - 용도 : 식용(끓는 물 또는 전자렌지에 데워서 밥과 함께 곁들여 먹음) | D33: =IF(케이스목록!$D33="","",케이스목록!$D33) | E33: =IF(케이스목록!$H33="","",케이스목록!$H33) -> O | F33: X | G33: X | H33: 1602.32-1000 | I33: =IF(OR($D33="",$H33=""),"",IF(LEFT(SUBSTITUTE(SUBSTITUTE(SUBSTITUTE(SUBSTITUTE(SUBSTITUTE($D33,".",""),"-","")," ","")," ",""),CHAR(9),""),4)=LEFT(SUBSTITUTE(SUBSTITUTE(SUBSTITUTE(SUBSTITUTE(SUBSTITUTE($H33,".",""),"-","")," ","")," ",""),CHAR(9),""),4),1,0)) -> 0 | J33: =IF(OR($D33="",$H33=""),"",IF(LEFT(SUBSTITUTE(SUBSTITUTE(SUBSTITUTE(SUBSTITUTE(SUBSTITUTE($D33,".",""),"-","")," ","")," ",""),CHAR(9),""),6)=LEFT(SUBSTITUTE(SUBSTITUTE(SUBSTITUTE(SUBSTITUTE(SUBSTITUTE($H33,".",""),"-","")," ","")," ",""),CHAR(9),""),6),1,0)) -> 0 | K33: =IF(OR($D33="",$H33=""),"",IF(SUBSTITUTE(SUBSTITUTE(SUBSTITUTE(SUBSTITUTE(SUBSTITUTE($D33,".",""),"-","")," ","")," ",""),CHAR(9),"")=SUBSTITUTE(SUBSTITUTE(SUBSTITUTE(SUBSTITUTE(SUBSTITUTE($H33,".",""),"-","")," ","")," ",""),CHAR(9),""),1,0)) -> 0 | L33: 1602.32-1000 | M33: 1602.32-9000 | N33: 2103.90-9090 | O33: =IF(OR($D33="",$L33=""),"",IF(LEFT(SUBSTITUTE(SUBSTITUTE(SUBSTITUTE(SUBSTITUTE(SUBSTITUTE($D33,".",""),"-","")," ","")," ",""),CHAR(9),""),6)=LEFT(SUBSTITUTE(SUBSTITUTE(SUBSTITUTE(SUBSTITUTE(SUBSTITUTE($L33,".",""),"-","")," ","")," ",""),CHAR(9),""),6),1,0)) -> 0 | P33: =IF(OR($D33="",$L33=""),"",IF(OR(LEFT(SUBSTITUTE(SUBSTITUTE(SUBSTITUTE(SUBSTITUTE(SUBSTITUTE($D33,".",""),"-","")," ","")," ",""),CHAR(9),""),6)=LEFT(SUBSTITUTE(SUBSTITUTE(SUBSTITUTE(SUBSTITUTE(SUBSTITUTE($L33,".",""),"-","")," ","")," ",""),CHAR(9),""),6),LEFT(SUBSTITUTE(SUBSTITUTE(SUBSTITUTE(SUBSTITUTE(SUBSTITUTE($D33,".",""),"-","")," ","")," ",""),CHAR(9),""),6)=LEFT(SUBSTITUTE(SUBSTITUTE(SUBSTITUTE(SUBSTITUTE(SUBSTITUTE($M33,".",""),"-","")," ","")," ",""),CHAR(9),""),6),LEFT(SUBSTITUTE(SUBSTITUTE(SUBSTITUTE(SUBSTITUTE(SUBSTITUTE($D33,".",""),"-","")," ","")," ",""),CHAR(9),""),6)=LEFT(SUBSTITUTE(SUBSTITUTE(SUBSTITUTE(SUBSTITUTE(SUBSTITUTE($N33,".",""),"-","")," ","")," ",""),CHAR(9),""),6)),1,0)) -> 0 | Q33: 한국 고유 세번(10자리) 오류 | R33: 물품 설명에 기재된 '파우치 팩에 소매포장'이라는 문구를 보고, 이를 자의적으로 '레토르트 파우치 = 기밀용기(Airtight container)'라고 단정 지어 1602.32-1000을 1순위로 제시했습니다. 그러나 관세율표에서 인정하는 '기밀용기'는 외부 공기와 미생물의 침입을 완벽히 차단하여 장기 보존이 가능한 특수 요건을 매우 엄격하게 충족해야 합니다. 관세청(정답)은 해당 파우치 포장이 관세율표상 기밀용기의 법적 요건을 충족하지 않는 일반 포장이라고 판단하여 기타(-9000)로 분류
A34: 30 | B34: =IF(케이스목록!$B34="","",케이스목록!$B34) -> 품목분류4과-3248 | C34: =IF(케이스목록!$E34="","",케이스목록!$E34) -> ㅇ 물품개요 - 면 직물로 만든 긴팔 상의로 실외 착용 아동용 의류 - 일정한 두께감으로 셔츠로 착용이 가능하며, 티셔츠 위에 재킷으로도 착용이 가능한 하이브리드 의류 - (형태) 전면 2개, 후면 2개에 총 4개의 세로 방향 패널이 있으며, 전면이 오픈되어 단추로 개폐되고 칼라가 있음, 밑단에 별도의 골이 진 허릿단이나 조이는 부분이 없으며 전면 가슴 부분 양쪽에 포켓이 있음, 등 부분에 영문 로고가 있음. 길이가 허리까지 오며 잠금방식이 왼편이 오른편 위로 여닫게 되어 있는 소년용 의류임 | D34: =IF(케이스목록!$D34="","",케이스목록!$D34) -> 6205200000 | E34: =IF(케이스목록!$H34="","",케이스목록!$H34) -> O | F34: X | G34: X | H34: 6203.32-0000 | I34: =IF(OR($D34="",$H34=""),"",IF(LEFT(SUBSTITUTE(SUBSTITUTE(SUBSTITUTE(SUBSTITUTE(SUBSTITUTE($D34,".",""),"-","")," ","")," ",""),CHAR(9),""),4)=LEFT(SUBSTITUTE(SUBSTITUTE(SUBSTITUTE(SUBSTITUTE(SUBSTITUTE($H34,".",""),"-","")," ","")," ",""),CHAR(9),""),4),1,0)) -> 0 | J34: =IF(OR($D34="",$H34=""),"",IF(LEFT(SUBSTITUTE(SUBSTITUTE(SUBSTITUTE(SUBSTITUTE(SUBSTITUTE($D34,".",""),"-","")," ","")," ",""),CHAR(9),""),6)=LEFT(SUBSTITUTE(SUBSTITUTE(SUBSTITUTE(SUBSTITUTE(SUBSTITUTE($H34,".",""),"-","")," ","")," ",""),CHAR(9),""),6),1,0)) -> 0 | K34: =IF(OR($D34="",$H34=""),"",IF(SUBSTITUTE(SUBSTITUTE(SUBSTITUTE(SUBSTITUTE(SUBSTITUTE($D34,".",""),"-","")," ","")," ",""),CHAR(9),"")=SUBSTITUTE(SUBSTITUTE(SUBSTITUTE(SUBSTITUTE(SUBSTITUTE($H34,".",""),"-","")," ","")," ",""),CHAR(9),""),1,0)) -> 0 | L34: 6203.32-0000 | M34: 6205.20-0000 | N34: 6201.40-0000 | O34: =IF(OR($D34="",$L34=""),"",IF(LEFT(SUBSTITUTE(SUBSTITUTE(SUBSTITUTE(SUBSTITUTE(SUBSTITUTE($D34,".",""),"-","")," ","")," ",""),CHAR(9),""),6)=LEFT(SUBSTITUTE(SUBSTITUTE(SUBSTITUTE(SUBSTITUTE(SUBSTITUTE($L34,".",""),"-","")," ","")," ",""),CHAR(9),""),6),1,0)) -> 0 | P34: =IF(OR($D34="",$L34=""),"",IF(OR(LEFT(SUBSTITUTE(SUBSTITUTE(SUBSTITUTE(SUBSTITUTE(SUBSTITUTE($D34,".",""),"-","")," ","")," ",""),CHAR(9),""),6)=LEFT(SUBSTITUTE(SUBSTITUTE(SUBSTITUTE(SUBSTITUTE(SUBSTITUTE($L34,".",""),"-","")," ","")," ",""),CHAR(9),""),6),LEFT(SUBSTITUTE(SUBSTITUTE(SUBSTITUTE(SUBSTITUTE(SUBSTITUTE($D34,".",""),"-","")," ","")," ",""),CHAR(9),""),6)=LEFT(SUBSTITUTE(SUBSTITUTE(SUBSTITUTE(SUBSTITUTE(SUBSTITUTE($M34,".",""),"-","")," ","")," ",""),CHAR(9),""),6),LEFT(SUBSTITUTE(SUBSTITUTE(SUBSTITUTE(SUBSTITUTE(SUBSTITUTE($D34,".",""),"-","")," ","")," ",""),CHAR(9),""),6)=LEFT(SUBSTITUTE(SUBSTITUTE(SUBSTITUTE(SUBSTITUTE(SUBSTITUTE($N34,".",""),"-","")," ","")," ",""),CHAR(9),""),6)),1,0)) -> 1 | Q34: 호 경합 판단 오류 | R34: AI 모델은 물품 설명에 기재된 '4개의 세로 방향 패널'이라는 구조적 요건에만 과도하게 매몰되었습니다. 세로 패널이 제6203호 재킷을 판가름하는 중요 기준 중 하나인 것은 맞지만, 이 옷이 셔츠의 특징(칼라, 조임단 없음 등) 또한 완벽히 만족하고 있다는 사실을 간과했습니다. 결과적으로 모델은 본질적 특성을 가릴 수 없을 때 반드시 거쳐야 하는 법적인 타이드 브레이커(Tie-breaker)인 '통칙 3호 다목'의 존재를 잊어버리고, 자의적으로 재킷의 요건에만 높은 가중치를 부여하여 제6203호로 잘못 분류하는 오류를 범했습니다.
A36: 오답유형 판정: 1~20번 수기, 21~30번 AI 자동판정(모델명:제미나이 프로, 검색 ON)

Sheet 조건B_품명only
A1: 조건 B — 품명 원문만 입력 (실무에 실제로 도착하는 입력)
A2: 정답률보다 '정보가 부족한데도 확신에 차서 답하는가'가 핵심 관찰 대상입니다. P1만 측정.
A3: 번호 | B3: 결정례 번호 | C3: 품명 원문 (연결) | D3: 정답 HSK | E3: 유효 B | F3: 품명유형 | G3: P1 응답코드 | H3: 4자리 | I3: 6자리 | J3: 10자리 | K3: 정보부족 언급 | L3: 되묻기 질문 수 | M3: 모델이 요구한 정보 (되묻기 설계 근거) | N3: 메모
A5: 1 | B5: =IF(케이스목록!$B5="","",케이스목록!$B5) -> 품목분류2과-4285 | C5: =IF(케이스목록!$C5="","",케이스목록!$C5) -> 친환경 액상 제설제 SDI 200 | D5: =IF(케이스목록!$D5="","",케이스목록!$D5) -> 3820002000 | E5: =IF(케이스목록!$I5="","",케이스목록!$I5) -> X | F5: =IF(케이스목록!$G5="","",케이스목록!$G5) -> 품명명확 | G5: 3820002000 | H5: =IF(OR($D5="",$G5=""),"",IF(LEFT(SUBSTITUTE(SUBSTITUTE(SUBSTITUTE(SUBSTITUTE(SUBSTITUTE($D5,".",""),"-","")," ","")," ",""),CHAR(9),""),4)=LEFT(SUBSTITUTE(SUBSTITUTE(SUBSTITUTE(SUBSTITUTE(SUBSTITUTE($G5,".",""),"-","")," ","")," ",""),CHAR(9),""),4),1,0)) -> 1 | I5: =IF(OR($D5="",$G5=""),"",IF(LEFT(SUBSTITUTE(SUBSTITUTE(SUBSTITUTE(SUBSTITUTE(SUBSTITUTE($D5,".",""),"-","")," ","")," ",""),CHAR(9),""),6)=LEFT(SUBSTITUTE(SUBSTITUTE(SUBSTITUTE(SUBSTITUTE(SUBSTITUTE($G5,".",""),"-","")," ","")," ",""),CHAR(9),""),6),1,0)) -> 1 | J5: =IF(OR($D5="",$G5=""),"",IF(SUBSTITUTE(SUBSTITUTE(SUBSTITUTE(SUBSTITUTE(SUBSTITUTE($D5,".",""),"-","")," ","")," ",""),CHAR(9),"")=SUBSTITUTE(SUBSTITUTE(SUBSTITUTE(SUBSTITUTE(SUBSTITUTE($G5,".",""),"-","")," ","")," ",""),CHAR(9),""),1,0)) -> 1 | K5: X | L5: 0 | M5: (없음) | N5: (집계 제외 — 재측정 대상)
A6: 2 | B6: =IF(케이스목록!$B6="","",케이스목록!$B6) -> 품목분류2과-4144 | C6: =IF(케이스목록!$C6="","",케이스목록!$C6) -> Silica Coating Liquid; NS1033011 Grey Primer | D6: =IF(케이스목록!$D6="","",케이스목록!$D6) -> 3207209000 | E6: =IF(케이스목록!$I6="","",케이스목록!$I6) -> O | F6: =IF(케이스목록!$G6="","",케이스목록!$G6) -> 품번only | G6: 3208909000 | H6: =IF(OR($D6="",$G6=""),"",IF(LEFT(SUBSTITUTE(SUBSTITUTE(SUBSTITUTE(SUBSTITUTE(SUBSTITUTE($D6,".",""),"-","")," ","")," ",""),CHAR(9),""),4)=LEFT(SUBSTITUTE(SUBSTITUTE(SUBSTITUTE(SUBSTITUTE(SUBSTITUTE($G6,".",""),"-","")," ","")," ",""),CHAR(9),""),4),1,0)) -> 0 | I6: =IF(OR($D6="",$G6=""),"",IF(LEFT(SUBSTITUTE(SUBSTITUTE(SUBSTITUTE(SUBSTITUTE(SUBSTITUTE($D6,".",""),"-","")," ","")," ",""),CHAR(9),""),6)=LEFT(SUBSTITUTE(SUBSTITUTE(SUBSTITUTE(SUBSTITUTE(SUBSTITUTE($G6,".",""),"-","")," ","")," ",""),CHAR(9),""),6),1,0)) -> 0 | J6: =IF(OR($D6="",$G6=""),"",IF(SUBSTITUTE(SUBSTITUTE(SUBSTITUTE(SUBSTITUTE(SUBSTITUTE($D6,".",""),"-","")," ","")," ",""),CHAR(9),"")=SUBSTITUTE(SUBSTITUTE(SUBSTITUTE(SUBSTITUTE(SUBSTITUTE($G6,".",""),"-","")," ","")," ",""),CHAR(9),""),1,0)) -> 0 | K6: O | L6: 2 | M6: 용매 종류(수성/비수성), 결합제 성분(에폭시·실리콘 등 합성중합체 여부) | N6: Grey Primer라는 단어에 끌려 페인트류로 단정. 무기물 기반 세라믹 코팅제라는 점을 놓침
A7: 3 | B7: =IF(케이스목록!$B7="","",케이스목록!$B7) -> 품목분류2과-3140 | C7: =IF(케이스목록!$C7="","",케이스목록!$C7) -> (재확인 필요 — 기존 입력은 관세율표 호 문언) | D7: =IF(케이스목록!$D7="","",케이스목록!$D7) -> 0902100000 | E7: =IF(케이스목록!$I7="","",케이스목록!$I7) -> X | F7: =IF(케이스목록!$G7="","",케이스목록!$G7) -> 품명명확 | G7: 0902100000 | H7: =IF(OR($D7="",$G7=""),"",IF(LEFT(SUBSTITUTE(SUBSTITUTE(SUBSTITUTE(SUBSTITUTE(SUBSTITUTE($D7,".",""),"-","")," ","")," ",""),CHAR(9),""),4)=LEFT(SUBSTITUTE(SUBSTITUTE(SUBSTITUTE(SUBSTITUTE(SUBSTITUTE($G7,".",""),"-","")," ","")," ",""),CHAR(9),""),4),1,0)) -> 1 | I7: =IF(OR($D7="",$G7=""),"",IF(LEFT(SUBSTITUTE(SUBSTITUTE(SUBSTITUTE(SUBSTITUTE(SUBSTITUTE($D7,".",""),"-","")," ","")," ",""),CHAR(9),""),6)=LEFT(SUBSTITUTE(SUBSTITUTE(SUBSTITUTE(SUBSTITUTE(SUBSTITUTE($G7,".",""),"-","")," ","")," ",""),CHAR(9),""),6),1,0)) -> 1 | J7: =IF(OR($D7="",$G7=""),"",IF(SUBSTITUTE(SUBSTITUTE(SUBSTITUTE(SUBSTITUTE(SUBSTITUTE($D7,".",""),"-","")," ","")," ",""),CHAR(9),"")=SUBSTITUTE(SUBSTITUTE(SUBSTITUTE(SUBSTITUTE(SUBSTITUTE($G7,".",""),"-","")," ","")," ",""),CHAR(9),""),1,0)) -> 1 | K7: X | L7: 0 | M7: (없음) | N7: (집계 제외 — 호 문언 누출로 무효)
A8: 4 | B8: =IF(케이스목록!$B8="","",케이스목록!$B8) -> 품목분류1과-3731 | C8: =IF(케이스목록!$C8="","",케이스목록!$C8) -> 건담 카드게임 스타트덱 건담 어셈블 세트 Heroic Beginnings【ST01A】 | D8: =IF(케이스목록!$D8="","",케이스목록!$D8) -> 9504400000 | E8: =IF(케이스목록!$I8="","",케이스목록!$I8) -> O | F8: =IF(케이스목록!$G8="","",케이스목록!$G8) -> 품명명확 | G8: 9504400000 | H8: =IF(OR($D8="",$G8=""),"",IF(LEFT(SUBSTITUTE(SUBSTITUTE(SUBSTITUTE(SUBSTITUTE(SUBSTITUTE($D8,".",""),"-","")," ","")," ",""),CHAR(9),""),4)=LEFT(SUBSTITUTE(SUBSTITUTE(SUBSTITUTE(SUBSTITUTE(SUBSTITUTE($G8,".",""),"-","")," ","")," ",""),CHAR(9),""),4),1,0)) -> 1 | I8: =IF(OR($D8="",$G8=""),"",IF(LEFT(SUBSTITUTE(SUBSTITUTE(SUBSTITUTE(SUBSTITUTE(SUBSTITUTE($D8,".",""),"-","")," ","")," ",""),CHAR(9),""),6)=LEFT(SUBSTITUTE(SUBSTITUTE(SUBSTITUTE(SUBSTITUTE(SUBSTITUTE($G8,".",""),"-","")," ","")," ",""),CHAR(9),""),6),1,0)) -> 1 | J8: =IF(OR($D8="",$G8=""),"",IF(SUBSTITUTE(SUBSTITUTE(SUBSTITUTE(SUBSTITUTE(SUBSTITUTE($D8,".",""),"-","")," ","")," ",""),CHAR(9),"")=SUBSTITUTE(SUBSTITUTE(SUBSTITUTE(SUBSTITUTE(SUBSTITUTE($G8,".",""),"-","")," ","")," ",""),CHAR(9),""),1,0)) -> 1 | K8: X | L8: 0 | M8: (없음) | N8: 품명만으로 카드게임으로 정확히 판단. 조건A보다 나은 결과
A9: 5 | B9: =IF(케이스목록!$B9="","",케이스목록!$B9) -> 품목분류2과-31881 | C9: =IF(케이스목록!$C9="","",케이스목록!$C9) -> D-100 Wash Solution | D9: =IF(케이스목록!$D9="","",케이스목록!$D9) -> 2850003000 | E9: =IF(케이스목록!$I9="","",케이스목록!$I9) -> O | F9: =IF(케이스목록!$G9="","",케이스목록!$G9) -> 품번only | G9: 3822199000 | H9: =IF(OR($D9="",$G9=""),"",IF(LEFT(SUBSTITUTE(SUBSTITUTE(SUBSTITUTE(SUBSTITUTE(SUBSTITUTE($D9,".",""),"-","")," ","")," ",""),CHAR(9),""),4)=LEFT(SUBSTITUTE(SUBSTITUTE(SUBSTITUTE(SUBSTITUTE(SUBSTITUTE($G9,".",""),"-","")," ","")," ",""),CHAR(9),""),4),1,0)) -> 0 | I9: =IF(OR($D9="",$G9=""),"",IF(LEFT(SUBSTITUTE(SUBSTITUTE(SUBSTITUTE(SUBSTITUTE(SUBSTITUTE($D9,".",""),"-","")," ","")," ",""),CHAR(9),""),6)=LEFT(SUBSTITUTE(SUBSTITUTE(SUBSTITUTE(SUBSTITUTE(SUBSTITUTE($G9,".",""),"-","")," ","")," ",""),CHAR(9),""),6),1,0)) -> 0 | J9: =IF(OR($D9="",$G9=""),"",IF(SUBSTITUTE(SUBSTITUTE(SUBSTITUTE(SUBSTITUTE(SUBSTITUTE($D9,".",""),"-","")," ","")," ",""),CHAR(9),"")=SUBSTITUTE(SUBSTITUTE(SUBSTITUTE(SUBSTITUTE(SUBSTITUTE($G9,".",""),"-","")," ","")," ",""),CHAR(9),""),1,0)) -> 0 | K9: X | L9: 0 | M9: (없음) | N9: 조건A와 동일한 오답. 정보를 줘도 결과가 바뀌지 않음
A10: 6 | B10: =IF(케이스목록!$B10="","",케이스목록!$B10) -> 품목분류3과-3310 | C10: =IF(케이스목록!$C10="","",케이스목록!$C10) -> 고순도 제약용 호스 어셈블리 SXW | D10: =IF(케이스목록!$D10="","",케이스목록!$D10) -> 3917399000 | E10: =IF(케이스목록!$I10="","",케이스목록!$I10) -> O | F10: =IF(케이스목록!$G10="","",케이스목록!$G10) -> 품명명확 | G10: 3917.39-0000 | H10: =IF(OR($D10="",$G10=""),"",IF(LEFT(SUBSTITUTE(SUBSTITUTE(SUBSTITUTE(SUBSTITUTE(SUBSTITUTE($D10,".",""),"-","")," ","")," ",""),CHAR(9),""),4)=LEFT(SUBSTITUTE(SUBSTITUTE(SUBSTITUTE(SUBSTITUTE(SUBSTITUTE($G10,".",""),"-","")," ","")," ",""),CHAR(9),""),4),1,0)) -> 1 | I10: =IF(OR($D10="",$G10=""),"",IF(LEFT(SUBSTITUTE(SUBSTITUTE(SUBSTITUTE(SUBSTITUTE(SUBSTITUTE($D10,".",""),"-","")," ","")," ",""),CHAR(9),""),6)=LEFT(SUBSTITUTE(SUBSTITUTE(SUBSTITUTE(SUBSTITUTE(SUBSTITUTE($G10,".",""),"-","")," ","")," ",""),CHAR(9),""),6),1,0)) -> 1 | J10: =IF(OR($D10="",$G10=""),"",IF(SUBSTITUTE(SUBSTITUTE(SUBSTITUTE(SUBSTITUTE(SUBSTITUTE($D10,".",""),"-","")," ","")," ",""),CHAR(9),"")=SUBSTITUTE(SUBSTITUTE(SUBSTITUTE(SUBSTITUTE(SUBSTITUTE($G10,".",""),"-","")," ","")," ",""),CHAR(9),""),1,0)) -> 0 | K10: X | L10: 0 | M10: (없음)
A11: 7 | B11: =IF(케이스목록!$B11="","",케이스목록!$B11) -> 품목분류3과-3040 | C11: =IF(케이스목록!$C11="","",케이스목록!$C11) -> CUSHION COMPACT 외용기, 내용기 ,메쉬링(+리드씰) | D11: =IF(케이스목록!$D11="","",케이스목록!$D11) -> 3923100000 | E11: =IF(케이스목록!$I11="","",케이스목록!$I11) -> O | F11: =IF(케이스목록!$G11="","",케이스목록!$G11) -> 품명명확 | G11: 3923.90-2000 | H11: =IF(OR($D11="",$G11=""),"",IF(LEFT(SUBSTITUTE(SUBSTITUTE(SUBSTITUTE(SUBSTITUTE(SUBSTITUTE($D11,".",""),"-","")," ","")," ",""),CHAR(9),""),4)=LEFT(SUBSTITUTE(SUBSTITUTE(SUBSTITUTE(SUBSTITUTE(SUBSTITUTE($G11,".",""),"-","")," ","")," ",""),CHAR(9),""),4),1,0)) -> 1 | I11: =IF(OR($D11="",$G11=""),"",IF(LEFT(SUBSTITUTE(SUBSTITUTE(SUBSTITUTE(SUBSTITUTE(SUBSTITUTE($D11,".",""),"-","")," ","")," ",""),CHAR(9),""),6)=LEFT(SUBSTITUTE(SUBSTITUTE(SUBSTITUTE(SUBSTITUTE(SUBSTITUTE($G11,".",""),"-","")," ","")," ",""),CHAR(9),""),6),1,0)) -> 0 | J11: =IF(OR($D11="",$G11=""),"",IF(SUBSTITUTE(SUBSTITUTE(SUBSTITUTE(SUBSTITUTE(SUBSTITUTE($D11,".",""),"-","")," ","")," ",""),CHAR(9),"")=SUBSTITUTE(SUBSTITUTE(SUBSTITUTE(SUBSTITUTE(SUBSTITUTE($G11,".",""),"-","")," ","")," ",""),CHAR(9),""),1,0)) -> 0 | K11: X | L11: 0 | M11: (없음)
A12: 8 | B12: =IF(케이스목록!$B12="","",케이스목록!$B12) -> 품목분류4과-1253 | C12: =IF(케이스목록!$C12="","",케이스목록!$C12) -> MIRAMER PU5000; MIRAMER PU5000; 200KG DRUM | D12: =IF(케이스목록!$D12="","",케이스목록!$D12) -> 3909500000 | E12: =IF(케이스목록!$I12="","",케이스목록!$I12) -> O | F12: =IF(케이스목록!$G12="","",케이스목록!$G12) -> 품번only | G12: 3909.50.0000 | H12: =IF(OR($D12="",$G12=""),"",IF(LEFT(SUBSTITUTE(SUBSTITUTE(SUBSTITUTE(SUBSTITUTE(SUBSTITUTE($D12,".",""),"-","")," ","")," ",""),CHAR(9),""),4)=LEFT(SUBSTITUTE(SUBSTITUTE(SUBSTITUTE(SUBSTITUTE(SUBSTITUTE($G12,".",""),"-","")," ","")," ",""),CHAR(9),""),4),1,0)) -> 1 | I12: =IF(OR($D12="",$G12=""),"",IF(LEFT(SUBSTITUTE(SUBSTITUTE(SUBSTITUTE(SUBSTITUTE(SUBSTITUTE($D12,".",""),"-","")," ","")," ",""),CHAR(9),""),6)=LEFT(SUBSTITUTE(SUBSTITUTE(SUBSTITUTE(SUBSTITUTE(SUBSTITUTE($G12,".",""),"-","")," ","")," ",""),CHAR(9),""),6),1,0)) -> 1 | J12: =IF(OR($D12="",$G12=""),"",IF(SUBSTITUTE(SUBSTITUTE(SUBSTITUTE(SUBSTITUTE(SUBSTITUTE($D12,".",""),"-","")," ","")," ",""),CHAR(9),"")=SUBSTITUTE(SUBSTITUTE(SUBSTITUTE(SUBSTITUTE(SUBSTITUTE($G12,".",""),"-","")," ","")," ",""),CHAR(9),""),1,0)) -> 1 | K12: X | L12: 0 | M12: (없음)
A13: 9 | B13: =IF(케이스목록!$B13="","",케이스목록!$B13) -> 품목분류4과-1933 | C13: =IF(케이스목록!$C13="","",케이스목록!$C13) -> LOCAL FIRE FIGHTING SYSTEM; WATER MIST SYSTEM;MIST | D13: =IF(케이스목록!$D13="","",케이스목록!$D13) -> 8424899000 | E13: =IF(케이스목록!$I13="","",케이스목록!$I13) -> O | F13: =IF(케이스목록!$G13="","",케이스목록!$G13) -> 품명명확 | G13: 8424.89-9000 | H13: =IF(OR($D13="",$G13=""),"",IF(LEFT(SUBSTITUTE(SUBSTITUTE(SUBSTITUTE(SUBSTITUTE(SUBSTITUTE($D13,".",""),"-","")," ","")," ",""),CHAR(9),""),4)=LEFT(SUBSTITUTE(SUBSTITUTE(SUBSTITUTE(SUBSTITUTE(SUBSTITUTE($G13,".",""),"-","")," ","")," ",""),CHAR(9),""),4),1,0)) -> 1 | I13: =IF(OR($D13="",$G13=""),"",IF(LEFT(SUBSTITUTE(SUBSTITUTE(SUBSTITUTE(SUBSTITUTE(SUBSTITUTE($D13,".",""),"-","")," ","")," ",""),CHAR(9),""),6)=LEFT(SUBSTITUTE(SUBSTITUTE(SUBSTITUTE(SUBSTITUTE(SUBSTITUTE($G13,".",""),"-","")," ","")," ",""),CHAR(9),""),6),1,0)) -> 1 | J13: =IF(OR($D13="",$G13=""),"",IF(SUBSTITUTE(SUBSTITUTE(SUBSTITUTE(SUBSTITUTE(SUBSTITUTE($D13,".",""),"-","")," ","")," ",""),CHAR(9),"")=SUBSTITUTE(SUBSTITUTE(SUBSTITUTE(SUBSTITUTE(SUBSTITUTE($G13,".",""),"-","")," ","")," ",""),CHAR(9),""),1,0)) -> 1 | K13: X | L13: 0 | M13: (없음)
A14: 10 | B14: =IF(케이스목록!$B14="","",케이스목록!$B14) -> 품목분류3과-3871 | C14: =IF(케이스목록!$C14="","",케이스목록!$C14) -> PC WITH SOFT; 6V9Y0048; FC-E23W-G26CV9-SSDMODE; | D14: =IF(케이스목록!$D14="","",케이스목록!$D14) -> 8471501000 | E14: =IF(케이스목록!$I14="","",케이스목록!$I14) -> O | F14: =IF(케이스목록!$G14="","",케이스목록!$G14) -> 품명명확 | G14: 8471.50-1000 | H14: =IF(OR($D14="",$G14=""),"",IF(LEFT(SUBSTITUTE(SUBSTITUTE(SUBSTITUTE(SUBSTITUTE(SUBSTITUTE($D14,".",""),"-","")," ","")," ",""),CHAR(9),""),4)=LEFT(SUBSTITUTE(SUBSTITUTE(SUBSTITUTE(SUBSTITUTE(SUBSTITUTE($G14,".",""),"-","")," ","")," ",""),CHAR(9),""),4),1,0)) -> 1 | I14: =IF(OR($D14="",$G14=""),"",IF(LEFT(SUBSTITUTE(SUBSTITUTE(SUBSTITUTE(SUBSTITUTE(SUBSTITUTE($D14,".",""),"-","")," ","")," ",""),CHAR(9),""),6)=LEFT(SUBSTITUTE(SUBSTITUTE(SUBSTITUTE(SUBSTITUTE(SUBSTITUTE($G14,".",""),"-","")," ","")," ",""),CHAR(9),""),6),1,0)) -> 1 | J14: =IF(OR($D14="",$G14=""),"",IF(SUBSTITUTE(SUBSTITUTE(SUBSTITUTE(SUBSTITUTE(SUBSTITUTE($D14,".",""),"-","")," ","")," ",""),CHAR(9),"")=SUBSTITUTE(SUBSTITUTE(SUBSTITUTE(SUBSTITUTE(SUBSTITUTE($G14,".",""),"-","")," ","")," ",""),CHAR(9),""),1,0)) -> 1 | K14: X | L14: 0 | M14: (없음)
A15: 11 | B15: =IF(케이스목록!$B15="","",케이스목록!$B15) -> 품목분류2과-1654 | C15: =IF(케이스목록!$C15="","",케이스목록!$C15) -> KP-SOL-90 | D15: =IF(케이스목록!$D15="","",케이스목록!$D15) -> 2710129000 | E15: =IF(케이스목록!$I15="","",케이스목록!$I15) -> O | F15: =IF(케이스목록!$G15="","",케이스목록!$G15) -> 품번only | G15: 2707.50-0000 | H15: =IF(OR($D15="",$G15=""),"",IF(LEFT(SUBSTITUTE(SUBSTITUTE(SUBSTITUTE(SUBSTITUTE(SUBSTITUTE($D15,".",""),"-","")," ","")," ",""),CHAR(9),""),4)=LEFT(SUBSTITUTE(SUBSTITUTE(SUBSTITUTE(SUBSTITUTE(SUBSTITUTE($G15,".",""),"-","")," ","")," ",""),CHAR(9),""),4),1,0)) -> 0 | I15: =IF(OR($D15="",$G15=""),"",IF(LEFT(SUBSTITUTE(SUBSTITUTE(SUBSTITUTE(SUBSTITUTE(SUBSTITUTE($D15,".",""),"-","")," ","")," ",""),CHAR(9),""),6)=LEFT(SUBSTITUTE(SUBSTITUTE(SUBSTITUTE(SUBSTITUTE(SUBSTITUTE($G15,".",""),"-","")," ","")," ",""),CHAR(9),""),6),1,0)) -> 0 | J15: =IF(OR($D15="",$G15=""),"",IF(SUBSTITUTE(SUBSTITUTE(SUBSTITUTE(SUBSTITUTE(SUBSTITUTE($D15,".",""),"-","")," ","")," ",""),CHAR(9),"")=SUBSTITUTE(SUBSTITUTE(SUBSTITUTE(SUBSTITUTE(SUBSTITUTE($G15,".",""),"-","")," ","")," ",""),CHAR(9),""),1,0)) -> 0 | K15: X | L15: 0 | M15: (없음)
A16: 12 | B16: =IF(케이스목록!$B16="","",케이스목록!$B16) -> 품목분류2과-1460 | C16: =IF(케이스목록!$C16="","",케이스목록!$C16) -> FROZEN GINGER WITH SUGAR | D16: =IF(케이스목록!$D16="","",케이스목록!$D16) -> 2008999000 | E16: =IF(케이스목록!$I16="","",케이스목록!$I16) -> O | F16: =IF(케이스목록!$G16="","",케이스목록!$G16) -> 품명명확 | G16: 2008.99-9090 | H16: =IF(OR($D16="",$G16=""),"",IF(LEFT(SUBSTITUTE(SUBSTITUTE(SUBSTITUTE(SUBSTITUTE(SUBSTITUTE($D16,".",""),"-","")," ","")," ",""),CHAR(9),""),4)=LEFT(SUBSTITUTE(SUBSTITUTE(SUBSTITUTE(SUBSTITUTE(SUBSTITUTE($G16,".",""),"-","")," ","")," ",""),CHAR(9),""),4),1,0)) -> 1 | I16: =IF(OR($D16="",$G16=""),"",IF(LEFT(SUBSTITUTE(SUBSTITUTE(SUBSTITUTE(SUBSTITUTE(SUBSTITUTE($D16,".",""),"-","")," ","")," ",""),CHAR(9),""),6)=LEFT(SUBSTITUTE(SUBSTITUTE(SUBSTITUTE(SUBSTITUTE(SUBSTITUTE($G16,".",""),"-","")," ","")," ",""),CHAR(9),""),6),1,0)) -> 1 | J16: =IF(OR($D16="",$G16=""),"",IF(SUBSTITUTE(SUBSTITUTE(SUBSTITUTE(SUBSTITUTE(SUBSTITUTE($D16,".",""),"-","")," ","")," ",""),CHAR(9),"")=SUBSTITUTE(SUBSTITUTE(SUBSTITUTE(SUBSTITUTE(SUBSTITUTE($G16,".",""),"-","")," ","")," ",""),CHAR(9),""),1,0)) -> 0 | K16: X | L16: 0 | M16: (없음)
A17: 13 | B17: =IF(케이스목록!$B17="","",케이스목록!$B17) -> 품목분류4과-945 | C17: =IF(케이스목록!$C17="","",케이스목록!$C17) -> COOLOA; RH-CD02W | D17: =IF(케이스목록!$D17="","",케이스목록!$D17) -> 8424209000 | E17: =IF(케이스목록!$I17="","",케이스목록!$I17) -> O | F17: =IF(케이스목록!$G17="","",케이스목록!$G17) -> 품번only | G17: 8509.80-9000 | H17: =IF(OR($D17="",$G17=""),"",IF(LEFT(SUBSTITUTE(SUBSTITUTE(SUBSTITUTE(SUBSTITUTE(SUBSTITUTE($D17,".",""),"-","")," ","")," ",""),CHAR(9),""),4)=LEFT(SUBSTITUTE(SUBSTITUTE(SUBSTITUTE(SUBSTITUTE(SUBSTITUTE($G17,".",""),"-","")," ","")," ",""),CHAR(9),""),4),1,0)) -> 0 | I17: =IF(OR($D17="",$G17=""),"",IF(LEFT(SUBSTITUTE(SUBSTITUTE(SUBSTITUTE(SUBSTITUTE(SUBSTITUTE($D17,".",""),"-","")," ","")," ",""),CHAR(9),""),6)=LEFT(SUBSTITUTE(SUBSTITUTE(SUBSTITUTE(SUBSTITUTE(SUBSTITUTE($G17,".",""),"-","")," ","")," ",""),CHAR(9),""),6),1,0)) -> 0 | J17: =IF(OR($D17="",$G17=""),"",IF(SUBSTITUTE(SUBSTITUTE(SUBSTITUTE(SUBSTITUTE(SUBSTITUTE($D17,".",""),"-","")," ","")," ",""),CHAR(9),"")=SUBSTITUTE(SUBSTITUTE(SUBSTITUTE(SUBSTITUTE(SUBSTITUTE($G17,".",""),"-","")," ","")," ",""),CHAR(9),""),1,0)) -> 0 | K17: X | L17: 0 | M17: (없음)
A18: 14 | B18: =IF(케이스목록!$B18="","",케이스목록!$B18) -> 품목분류1과-876 | C18: =IF(케이스목록!$C18="","",케이스목록!$C18) -> 16mm F6.5 autofocus VIS+NIR lens; 820-20194-005 | D18: =IF(케이스목록!$D18="","",케이스목록!$D18) -> 9002119090 | E18: =IF(케이스목록!$I18="","",케이스목록!$I18) -> O | F18: =IF(케이스목록!$G18="","",케이스목록!$G18) -> 품명명확 | G18: 9002.19-9000 | H18: =IF(OR($D18="",$G18=""),"",IF(LEFT(SUBSTITUTE(SUBSTITUTE(SUBSTITUTE(SUBSTITUTE(SUBSTITUTE($D18,".",""),"-","")," ","")," ",""),CHAR(9),""),4)=LEFT(SUBSTITUTE(SUBSTITUTE(SUBSTITUTE(SUBSTITUTE(SUBSTITUTE($G18,".",""),"-","")," ","")," ",""),CHAR(9),""),4),1,0)) -> 1 | I18: =IF(OR($D18="",$G18=""),"",IF(LEFT(SUBSTITUTE(SUBSTITUTE(SUBSTITUTE(SUBSTITUTE(SUBSTITUTE($D18,".",""),"-","")," ","")," ",""),CHAR(9),""),6)=LEFT(SUBSTITUTE(SUBSTITUTE(SUBSTITUTE(SUBSTITUTE(SUBSTITUTE($G18,".",""),"-","")," ","")," ",""),CHAR(9),""),6),1,0)) -> 0 | J18: =IF(OR($D18="",$G18=""),"",IF(SUBSTITUTE(SUBSTITUTE(SUBSTITUTE(SUBSTITUTE(SUBSTITUTE($D18,".",""),"-","")," ","")," ",""),CHAR(9),"")=SUBSTITUTE(SUBSTITUTE(SUBSTITUTE(SUBSTITUTE(SUBSTITUTE($G18,".",""),"-","")," ","")," ",""),CHAR(9),""),1,0)) -> 0 | K18: X | L18: 0 | M18: (없음)
A19: 15 | B19: =IF(케이스목록!$B19="","",케이스목록!$B19) -> 품목분류2과-1011 | C19: =IF(케이스목록!$C19="","",케이스목록!$C19) -> ㅇ 재우스오라쿠고에이취플라스타(살리실산); OLAKUKO - H; | D19: =IF(케이스목록!$D19="","",케이스목록!$D19) -> 3004909900 | E19: =IF(케이스목록!$I19="","",케이스목록!$I19) -> O | F19: =IF(케이스목록!$G19="","",케이스목록!$G19) -> 품명명확 | G19: 3005.10-0000 | H19: =IF(OR($D19="",$G19=""),"",IF(LEFT(SUBSTITUTE(SUBSTITUTE(SUBSTITUTE(SUBSTITUTE(SUBSTITUTE($D19,".",""),"-","")," ","")," ",""),CHAR(9),""),4)=LEFT(SUBSTITUTE(SUBSTITUTE(SUBSTITUTE(SUBSTITUTE(SUBSTITUTE($G19,".",""),"-","")," ","")," ",""),CHAR(9),""),4),1,0)) -> 0 | I19: =IF(OR($D19="",$G19=""),"",IF(LEFT(SUBSTITUTE(SUBSTITUTE(SUBSTITUTE(SUBSTITUTE(SUBSTITUTE($D19,".",""),"-","")," ","")," ",""),CHAR(9),""),6)=LEFT(SUBSTITUTE(SUBSTITUTE(SUBSTITUTE(SUBSTITUTE(SUBSTITUTE($G19,".",""),"-","")," ","")," ",""),CHAR(9),""),6),1,0)) -> 0 | J19: =IF(OR($D19="",$G19=""),"",IF(SUBSTITUTE(SUBSTITUTE(SUBSTITUTE(SUBSTITUTE(SUBSTITUTE($D19,".",""),"-","")," ","")," ",""),CHAR(9),"")=SUBSTITUTE(SUBSTITUTE(SUBSTITUTE(SUBSTITUTE(SUBSTITUTE($G19,".",""),"-","")," ","")," ",""),CHAR(9),""),1,0)) -> 0 | K19: X | L19: 0 | M19: (없음)
A20: 16 | B20: =IF(케이스목록!$B20="","",케이스목록!$B20) -> 품목분류2과-1000 | C20: =IF(케이스목록!$C20="","",케이스목록!$C20) -> Hepatitis A Vaccine Inactivated-Final Container-Internal Control; CWN0697A39 | D20: =IF(케이스목록!$D20="","",케이스목록!$D20) -> 3002494000 | E20: =IF(케이스목록!$I20="","",케이스목록!$I20) -> O | F20: =IF(케이스목록!$G20="","",케이스목록!$G20) -> 품명명확 | G20: 3002.41-0000 | H20: =IF(OR($D20="",$G20=""),"",IF(LEFT(SUBSTITUTE(SUBSTITUTE(SUBSTITUTE(SUBSTITUTE(SUBSTITUTE($D20,".",""),"-","")," ","")," ",""),CHAR(9),""),4)=LEFT(SUBSTITUTE(SUBSTITUTE(SUBSTITUTE(SUBSTITUTE(SUBSTITUTE($G20,".",""),"-","")," ","")," ",""),CHAR(9),""),4),1,0)) -> 1 | I20: =IF(OR($D20="",$G20=""),"",IF(LEFT(SUBSTITUTE(SUBSTITUTE(SUBSTITUTE(SUBSTITUTE(SUBSTITUTE($D20,".",""),"-","")," ","")," ",""),CHAR(9),""),6)=LEFT(SUBSTITUTE(SUBSTITUTE(SUBSTITUTE(SUBSTITUTE(SUBSTITUTE($G20,".",""),"-","")," ","")," ",""),CHAR(9),""),6),1,0)) -> 0 | J20: =IF(OR($D20="",$G20=""),"",IF(SUBSTITUTE(SUBSTITUTE(SUBSTITUTE(SUBSTITUTE(SUBSTITUTE($D20,".",""),"-","")," ","")," ",""),CHAR(9),"")=SUBSTITUTE(SUBSTITUTE(SUBSTITUTE(SUBSTITUTE(SUBSTITUTE($G20,".",""),"-","")," ","")," ",""),CHAR(9),""),1,0)) -> 0 | K20: X | L20: 0 | M20: (없음)
A21: 17 | B21: =IF(케이스목록!$B21="","",케이스목록!$B21) -> 품목분류2과-254 | C21: =IF(케이스목록!$C21="","",케이스목록!$C21) -> ZEASTAT | D21: =IF(케이스목록!$D21="","",케이스목록!$D21) -> 3808999000 | E21: =IF(케이스목록!$I21="","",케이스목록!$I21) -> O | F21: =IF(케이스목록!$G21="","",케이스목록!$G21) -> 품번only | G21: 3824.99-9090 | H21: =IF(OR($D21="",$G21=""),"",IF(LEFT(SUBSTITUTE(SUBSTITUTE(SUBSTITUTE(SUBSTITUTE(SUBSTITUTE($D21,".",""),"-","")," ","")," ",""),CHAR(9),""),4)=LEFT(SUBSTITUTE(SUBSTITUTE(SUBSTITUTE(SUBSTITUTE(SUBSTITUTE($G21,".",""),"-","")," ","")," ",""),CHAR(9),""),4),1,0)) -> 0 | I21: =IF(OR($D21="",$G21=""),"",IF(LEFT(SUBSTITUTE(SUBSTITUTE(SUBSTITUTE(SUBSTITUTE(SUBSTITUTE($D21,".",""),"-","")," ","")," ",""),CHAR(9),""),6)=LEFT(SUBSTITUTE(SUBSTITUTE(SUBSTITUTE(SUBSTITUTE(SUBSTITUTE($G21,".",""),"-","")," ","")," ",""),CHAR(9),""),6),1,0)) -> 0 | J21: =IF(OR($D21="",$G21=""),"",IF(SUBSTITUTE(SUBSTITUTE(SUBSTITUTE(SUBSTITUTE(SUBSTITUTE($D21,".",""),"-","")," ","")," ",""),CHAR(9),"")=SUBSTITUTE(SUBSTITUTE(SUBSTITUTE(SUBSTITUTE(SUBSTITUTE($G21,".",""),"-","")," ","")," ",""),CHAR(9),""),1,0)) -> 0 | K21: X | L21: 0 | M21: (없음)
... A34: 30 | B34: =IF(케이스목록!$B34="","",케이스목록!$B34) -> 품목분류4과-3248 | C34: =IF(케이스목록!$C34="","",케이스목록!$C34) -> 코듀로이 셔츠자켓; IKYC24W01 | D34: =IF(케이스목록!$D34="","",케이스목록!$D34) -> 6205200000 | E34: =IF(케이스목록!$I34="","",케이스목록!$I34) -> O | F34: =IF(케이스목록!$G34="","",케이스목록!$G34) -> 품명명확 | G34: 6201.40.9000 | H34: =IF(OR($D34="",$G34=""),"",IF(LEFT(SUBSTITUTE(SUBSTITUTE(SUBSTITUTE(SUBSTITUTE(SUBSTITUTE($D34,".",""),"-","")," ","")," ",""),CHAR(9),""),4)=LEFT(SUBSTITUTE(SUBSTITUTE(SUBSTITUTE(SUBSTITUTE(SUBSTITUTE($G34,".",""),"-","")," ","")," ",""),CHAR(9),""),4),1,0)) -> 0 | I34: =IF(OR($D34="",$G34=""),"",IF(LEFT(SUBSTITUTE(SUBSTITUTE(SUBSTITUTE(SUBSTITUTE(SUBSTITUTE($D34,".",""),"-","")," ","")," ",""),CHAR(9),""),6)=LEFT(SUBSTITUTE(SUBSTITUTE(SUBSTITUTE(SUBSTITUTE(SUBSTITUTE($G34,".",""),"-","")," ","")," ",""),CHAR(9),""),6),1,0)) -> 0 | J34: =IF(OR($D34="",$G34=""),"",IF(SUBSTITUTE(SUBSTITUTE(SUBSTITUTE(SUBSTITUTE(SUBSTITUTE($D34,".",""),"-","")," ","")," ",""),CHAR(9),"")=SUBSTITUTE(SUBSTITUTE(SUBSTITUTE(SUBSTITUTE(SUBSTITUTE($G34,".",""),"-","")," ","")," ",""),CHAR(9),""),1,0)) -> 0 | K34: X | L34: 0 | M34: (없음)

Sheet 일관성
A1: 일관성 측정 — 같은 질문을 새 채팅에서 3번 (조건 A 기준)
A2: 30건 중 10건. 정확도가 높아도 답이 매번 바뀌면 실무에서 못 씁니다. 판정은 6자리 기준.
A3: 번호 | B3: 케이스 번호 | C3: 결정례 번호 | D3: 정답 HSK | E3: 1회차 | F3: 2회차 | G3: 3회차 | H3: 3회 서로 일치(6자리) | I3: 3회 서로 일치(10자리) | J3: 정답일치 횟수(6자리) | K3: 정답일치 횟수(10자리) | L3: 메모
A4: 1 | B4: 6 | C4: =IF($B4="","",IFERROR(INDEX(케이스목록!$B$5:$B$34,MATCH($B4,케이스목록!$A$5:$A$34,0)),"번호 확인")) -> 품목분류3과-3310 | D4: 3917399000 | E4: 3917.39-9000 | F4: 3917.39-9000 | G4: 3917.39-9000 | H4: =IF(OR($E4="",$F4="",$G4=""),"",IF(AND(LEFT(SUBSTITUTE(SUBSTITUTE(SUBSTITUTE(SUBSTITUTE(SUBSTITUTE($E4,".",""),"-","")," ","")," ",""),CHAR(9),""),6)=LEFT(SUBSTITUTE(SUBSTITUTE(SUBSTITUTE(SUBSTITUTE(SUBSTITUTE($F4,".",""),"-","")," ","")," ",""),CHAR(9),""),6),LEFT(SUBSTITUTE(SUBSTITUTE(SUBSTITUTE(SUBSTITUTE(SUBSTITUTE($F4,".",""),"-","")," ","")," ",""),CHAR(9),""),6)=LEFT(SUBSTITUTE(SUBSTITUTE(SUBSTITUTE(SUBSTITUTE(SUBSTITUTE($G4,".",""),"-","")," ","")," ",""),CHAR(9),""),6)),1,0)) -> 1 | I4: =IF(OR($E4="",$F4="",$G4=""),"",IF(AND(SUBSTITUTE(SUBSTITUTE(SUBSTITUTE(SUBSTITUTE(SUBSTITUTE($E4,".",""),"-","")," ","")," ",""),CHAR(9),"")=SUBSTITUTE(SUBSTITUTE(SUBSTITUTE(SUBSTITUTE(SUBSTITUTE($F4,".",""),"-","")," ","")," ",""),CHAR(9),""),SUBSTITUTE(SUBSTITUTE(SUBSTITUTE(SUBSTITUTE(SUBSTITUTE($F4,".",""),"-","")," ","")," ",""),CHAR(9),"")=SUBSTITUTE(SUBSTITUTE(SUBSTITUTE(SUBSTITUTE(SUBSTITUTE($G4,".",""),"-","")," ","")," ",""),CHAR(9),"")),1,0)) -> 1 | J4: =IF(OR($D4="",$E4=""),"",IF(LEFT(SUBSTITUTE(SUBSTITUTE(SUBSTITUTE(SUBSTITUTE(SUBSTITUTE($E4,".",""),"-","")," ","")," ",""),CHAR(9),""),6)=LEFT(SUBSTITUTE(SUBSTITUTE(SUBSTITUTE(SUBSTITUTE(SUBSTITUTE($D4,".",""),"-","")," ","")," ",""),CHAR(9),""),6),1,0)+IF(LEFT(SUBSTITUTE(SUBSTITUTE(SUBSTITUTE(SUBSTITUTE(SUBSTITUTE($F4,".",""),"-","")," ","")," ",""),CHAR(9),""),6)=LEFT(SUBSTITUTE(SUBSTITUTE(SUBSTITUTE(SUBSTITUTE(SUBSTITUTE($D4,".",""),"-","")," ","")," ",""),CHAR(9),""),6),1,0)+IF(LEFT(SUBSTITUTE(SUBSTITUTE(SUBSTITUTE(SUBSTITUTE(SUBSTITUTE($G4,".",""),"-","")," ","")," ",""),CHAR(9),""),6)=LEFT(SUBSTITUTE(SUBSTITUTE(SUBSTITUTE(SUBSTITUTE(SUBSTITUTE($D4,".",""),"-","")," ","")," ",""),CHAR(9),""),6),1,0)) -> 3 | K4: =IF(OR($D4="",$E4=""),"",IF(SUBSTITUTE(SUBSTITUTE(SUBSTITUTE(SUBSTITUTE(SUBSTITUTE($E4,".",""),"-","")," ","")," ",""),CHAR(9),"")=SUBSTITUTE(SUBSTITUTE(SUBSTITUTE(SUBSTITUTE(SUBSTITUTE($D4,".",""),"-","")," ","")," ",""),CHAR(9),""),1,0)+IF(SUBSTITUTE(SUBSTITUTE(SUBSTITUTE(SUBSTITUTE(SUBSTITUTE($F4,".",""),"-","")," ","")," ",""),CHAR(9),"")=SUBSTITUTE(SUBSTITUTE(SUBSTITUTE(SUBSTITUTE(SUBSTITUTE($D4,".",""),"-","")," ","")," ",""),CHAR(9),""),1,0)+IF(SUBSTITUTE(SUBSTITUTE(SUBSTITUTE(SUBSTITUTE(SUBSTITUTE($G4,".",""),"-","")," ","")," ",""),CHAR(9),"")=SUBSTITUTE(SUBSTITUTE(SUBSTITUTE(SUBSTITUTE(SUBSTITUTE($D4,".",""),"-","")," ","")," ",""),CHAR(9),""),1,0)) -> 3
A5: 2 | B5: 8 | C5: =IF($B5="","",IFERROR(INDEX(케이스목록!$B$5:$B$34,MATCH($B5,케이스목록!$A$5:$A$34,0)),"번호 확인")) -> 품목분류4과-1253 | D5: 3909500000 | E5: 3909.50-0000 | F5: 3909.50-0000 | G5: 3909.50-0000 | H5: =IF(OR($E5="",$F5="",$G5=""),"",IF(AND(LEFT(SUBSTITUTE(SUBSTITUTE(SUBSTITUTE(SUBSTITUTE(SUBSTITUTE($E5,".",""),"-","")," ","")," ",""),CHAR(9),""),6)=LEFT(SUBSTITUTE(SUBSTITUTE(SUBSTITUTE(SUBSTITUTE(SUBSTITUTE($F5,".",""),"-","")," ","")," ",""),CHAR(9),""),6),LEFT(SUBSTITUTE(SUBSTITUTE(SUBSTITUTE(SUBSTITUTE(SUBSTITUTE($F5,".",""),"-","")," ","")," ",""),CHAR(9),""),6)=LEFT(SUBSTITUTE(SUBSTITUTE(SUBSTITUTE(SUBSTITUTE(SUBSTITUTE($G5,".",""),"-","")," ","")," ",""),CHAR(9),""),6)),1,0)) -> 1 | I5: =IF(OR($E5="",$F5="",$G5=""),"",IF(AND(SUBSTITUTE(SUBSTITUTE(SUBSTITUTE(SUBSTITUTE(SUBSTITUTE($E5,".",""),"-","")," ","")," ",""),CHAR(9),"")=SUBSTITUTE(SUBSTITUTE(SUBSTITUTE(SUBSTITUTE(SUBSTITUTE($F5,".",""),"-","")," ","")," ",""),CHAR(9),""),SUBSTITUTE(SUBSTITUTE(SUBSTITUTE(SUBSTITUTE(SUBSTITUTE($F5,".",""),"-","")," ","")," ",""),CHAR(9),"")=SUBSTITUTE(SUBSTITUTE(SUBSTITUTE(SUBSTITUTE(SUBSTITUTE($G5,".",""),"-","")," ","")," ",""),CHAR(9),"")),1,0)) -> 1 | J5: =IF(OR($D5="",$E5=""),"",IF(LEFT(SUBSTITUTE(SUBSTITUTE(SUBSTITUTE(SUBSTITUTE(SUBSTITUTE($E5,".",""),"-","")," ","")," ",""),CHAR(9),""),6)=LEFT(SUBSTITUTE(SUBSTITUTE(SUBSTITUTE(SUBSTITUTE(SUBSTITUTE($D5,".",""),"-","")," ","")," ",""),CHAR(9),""),6),1,0)+IF(LEFT(SUBSTITUTE(SUBSTITUTE(SUBSTITUTE(SUBSTITUTE(SUBSTITUTE($F5,".",""),"-","")," ","")," ",""),CHAR(9),""),6)=LEFT(SUBSTITUTE(SUBSTITUTE(SUBSTITUTE(SUBSTITUTE(SUBSTITUTE($D5,".",""),"-","")," ","")," ",""),CHAR(9),""),6),1,0)+IF(LEFT(SUBSTITUTE(SUBSTITUTE(SUBSTITUTE(SUBSTITUTE(SUBSTITUTE($G5,".",""),"-","")," ","")," ",""),CHAR(9),""),6)=LEFT(SUBSTITUTE(SUBSTITUTE(SUBSTITUTE(SUBSTITUTE(SUBSTITUTE($D5,".",""),"-","")," ","")," ",""),CHAR(9),""),6),1,0)) -> 3 | K5: =IF(OR($D5="",$E5=""),"",IF(SUBSTITUTE(SUBSTITUTE(SUBSTITUTE(SUBSTITUTE(SUBSTITUTE($E5,".",""),"-","")," ","")," ",""),CHAR(9),"")=SUBSTITUTE(SUBSTITUTE(SUBSTITUTE(SUBSTITUTE(SUBSTITUTE($D5,".",""),"-","")," ","")," ",""),CHAR(9),""),1,0)+IF(SUBSTITUTE(SUBSTITUTE(SUBSTITUTE(SUBSTITUTE(SUBSTITUTE($F5,".",""),"-","")," ","")," ",""),CHAR(9),"")=SUBSTITUTE(SUBSTITUTE(SUBSTITUTE(SUBSTITUTE(SUBSTITUTE($D5,".",""),"-","")," ","")," ",""),CHAR(9),""),1,0)+IF(SUBSTITUTE(SUBSTITUTE(SUBSTITUTE(SUBSTITUTE(SUBSTITUTE($G5,".",""),"-","")," ","")," ",""),CHAR(9),"")=SUBSTITUTE(SUBSTITUTE(SUBSTITUTE(SUBSTITUTE(SUBSTITUTE($D5,".",""),"-","")," ","")," ",""),CHAR(9),""),1,0)) -> 3
A6: 3 | B6: 9 | C6: =IF($B6="","",IFERROR(INDEX(케이스목록!$B$5:$B$34,MATCH($B6,케이스목록!$A$5:$A$34,0)),"번호 확인")) -> 품목분류4과-1933 | D6: 8424899000 | E6: 8424.89-9000 | F6: 8424.89-9000 | G6: 8424.89-9000 | H6: =IF(OR($E6="",$F6="",$G6=""),"",IF(AND(LEFT(SUBSTITUTE(SUBSTITUTE(SUBSTITUTE(SUBSTITUTE(SUBSTITUTE($E6,".",""),"-","")," ","")," ",""),CHAR(9),""),6)=LEFT(SUBSTITUTE(SUBSTITUTE(SUBSTITUTE(SUBSTITUTE(SUBSTITUTE($F6,".",""),"-","")," ","")," ",""),CHAR(9),""),6),LEFT(SUBSTITUTE(SUBSTITUTE(SUBSTITUTE(SUBSTITUTE(SUBSTITUTE($F6,".",""),"-","")," ","")," ",""),CHAR(9),""),6)=LEFT(SUBSTITUTE(SUBSTITUTE(SUBSTITUTE(SUBSTITUTE(SUBSTITUTE($G6,".",""),"-","")," ","")," ",""),CHAR(9),""),6)),1,0)) -> 1 | I6: =IF(OR($E6="",$F6="",$G6=""),"",IF(AND(SUBSTITUTE(SUBSTITUTE(SUBSTITUTE(SUBSTITUTE(SUBSTITUTE($E6,".",""),"-","")," ","")," ",""),CHAR(9),"")=SUBSTITUTE(SUBSTITUTE(SUBSTITUTE(SUBSTITUTE(SUBSTITUTE($F6,".",""),"-","")," ","")," ",""),CHAR(9),""),SUBSTITUTE(SUBSTITUTE(SUBSTITUTE(SUBSTITUTE(SUBSTITUTE($F6,".",""),"-","")," ","")," ",""),CHAR(9),"")=SUBSTITUTE(SUBSTITUTE(SUBSTITUTE(SUBSTITUTE(SUBSTITUTE($G6,".",""),"-","")," ","")," ",""),CHAR(9),"")),1,0)) -> 1 | J6: =IF(OR($D6="",$E6=""),"",IF(LEFT(SUBSTITUTE(SUBSTITUTE(SUBSTITUTE(SUBSTITUTE(SUBSTITUTE($E6,".",""),"-","")," ","")," ",""),CHAR(9),""),6)=LEFT(SUBSTITUTE(SUBSTITUTE(SUBSTITUTE(SUBSTITUTE(SUBSTITUTE($D6,".",""),"-","")," ","")," ",""),CHAR(9),""),6),1,0)+IF(LEFT(SUBSTITUTE(SUBSTITUTE(SUBSTITUTE(SUBSTITUTE(SUBSTITUTE($F6,".",""),"-","")," ","")," ",""),CHAR(9),""),6)=LEFT(SUBSTITUTE(SUBSTITUTE(SUBSTITUTE(SUBSTITUTE(SUBSTITUTE($D6,".",""),"-","")," ","")," ",""),CHAR(9),""),6),1,0)+IF(LEFT(SUBSTITUTE(SUBSTITUTE(SUBSTITUTE(SUBSTITUTE(SUBSTITUTE($G6,".",""),"-","")," ","")," ",""),CHAR(9),""),6)=LEFT(SUBSTITUTE(SUBSTITUTE(SUBSTITUTE(SUBSTITUTE(SUBSTITUTE($D6,".",""),"-","")," ","")," ",""),CHAR(9),""),6),1,0)) -> 3 | K6: =IF(OR($D6="",$E6=""),"",IF(SUBSTITUTE(SUBSTITUTE(SUBSTITUTE(SUBSTITUTE(SUBSTITUTE($E6,".",""),"-","")," ","")," ",""),CHAR(9),"")=SUBSTITUTE(SUBSTITUTE(SUBSTITUTE(SUBSTITUTE(SUBSTITUTE($D6,".",""),"-","")," ","")," ",""),CHAR(9),""),1,0)+IF(SUBSTITUTE(SUBSTITUTE(SUBSTITUTE(SUBSTITUTE(SUBSTITUTE($F6,".",""),"-","")," ","")," ",""),CHAR(9),"")=SUBSTITUTE(SUBSTITUTE(SUBSTITUTE(SUBSTITUTE(SUBSTITUTE($D6,".",""),"-","")," ","")," ",""),CHAR(9),""),1,0)+IF(SUBSTITUTE(SUBSTITUTE(SUBSTITUTE(SUBSTITUTE(SUBSTITUTE($G6,".",""),"-","")," ","")," ",""),CHAR(9),"")=SUBSTITUTE(SUBSTITUTE(SUBSTITUTE(SUBSTITUTE(SUBSTITUTE($D6,".",""),"-","")," ","")," ",""),CHAR(9),""),1,0)) -> 3
A7: 4 | B7: 28 | C7: =IF($B7="","",IFERROR(INDEX(케이스목록!$B$5:$B$34,MATCH($B7,케이스목록!$A$5:$A$34,0)),"번호 확인")) -> 품목분류3과-200 | D7: 8544422090 | E7: 8544.42-2010 | F7: 8544.42-9090 | G7: 8544.42-2090 | H7: =IF(OR($E7="",$F7="",$G7=""),"",IF(AND(LEFT(SUBSTITUTE(SUBSTITUTE(SUBSTITUTE(SUBSTITUTE(SUBSTITUTE($E7,".",""),"-","")," ","")," ",""),CHAR(9),""),6)=LEFT(SUBSTITUTE(SUBSTITUTE(SUBSTITUTE(SUBSTITUTE(SUBSTITUTE($F7,".",""),"-","")," ","")," ",""),CHAR(9),""),6),LEFT(SUBSTITUTE(SUBSTITUTE(SUBSTITUTE(SUBSTITUTE(SUBSTITUTE($F7,".",""),"-","")," ","")," ",""),CHAR(9),""),6)=LEFT(SUBSTITUTE(SUBSTITUTE(SUBSTITUTE(SUBSTITUTE(SUBSTITUTE($G7,".",""),"-","")," ","")," ",""),CHAR(9),""),6)),1,0)) -> 1 | I7: =IF(OR($E7="",$F7="",$G7=""),"",IF(AND(SUBSTITUTE(SUBSTITUTE(SUBSTITUTE(SUBSTITUTE(SUBSTITUTE($E7,".",""),"-","")," ","")," ",""),CHAR(9),"")=SUBSTITUTE(SUBSTITUTE(SUBSTITUTE(SUBSTITUTE(SUBSTITUTE($F7,".",""),"-","")," ","")," ",""),CHAR(9),""),SUBSTITUTE(SUBSTITUTE(SUBSTITUTE(SUBSTITUTE(SUBSTITUTE($F7,".",""),"-","")," ","")," ",""),CHAR(9),"")=SUBSTITUTE(SUBSTITUTE(SUBSTITUTE(SUBSTITUTE(SUBSTITUTE($G7,".",""),"-","")," ","")," ",""),CHAR(9),"")),1,0)) -> 0 | J7: =IF(OR($D7="",$E7=""),"",IF(LEFT(SUBSTITUTE(SUBSTITUTE(SUBSTITUTE(SUBSTITUTE(SUBSTITUTE($E7,".",""),"-","")," ","")," ",""),CHAR(9),""),6)=LEFT(SUBSTITUTE(SUBSTITUTE(SUBSTITUTE(SUBSTITUTE(SUBSTITUTE($D7,".",""),"-","")," ","")," ",""),CHAR(9),""),6),1,0)+IF(LEFT(SUBSTITUTE(SUBSTITUTE(SUBSTITUTE(SUBSTITUTE(SUBSTITUTE($F7,".",""),"-","")," ","")," ",""),CHAR(9),""),6)=LEFT(SUBSTITUTE(SUBSTITUTE(SUBSTITUTE(SUBSTITUTE(SUBSTITUTE($D7,".",""),"-","")," ","")," ",""),CHAR(9),""),6),1,0)+IF(LEFT(SUBSTITUTE(SUBSTITUTE(SUBSTITUTE(SUBSTITUTE(SUBSTITUTE($G7,".",""),"-","")," ","")," ",""),CHAR(9),""),6)=LEFT(SUBSTITUTE(SUBSTITUTE(SUBSTITUTE(SUBSTITUTE(SUBSTITUTE($D7,".",""),"-","")," ","")," ",""),CHAR(9),""),6),1,0)) -> 3 | K7: =IF(OR($D7="",$E7=""),"",IF(SUBSTITUTE(SUBSTITUTE(SUBSTITUTE(SUBSTITUTE(SUBSTITUTE($E7,".",""),"-","")," ","")," ",""),CHAR(9),"")=SUBSTITUTE(SUBSTITUTE(SUBSTITUTE(SUBSTITUTE(SUBSTITUTE($D7,".",""),"-","")," ","")," ",""),CHAR(9),""),1,0)+IF(SUBSTITUTE(SUBSTITUTE(SUBSTITUTE(SUBSTITUTE(SUBSTITUTE($F7,".",""),"-","")," ","")," ",""),CHAR(9),"")=SUBSTITUTE(SUBSTITUTE(SUBSTITUTE(SUBSTITUTE(SUBSTITUTE($D7,".",""),"-","")," ","")," ",""),CHAR(9),""),1,0)+IF(SUBSTITUTE(SUBSTITUTE(SUBSTITUTE(SUBSTITUTE(SUBSTITUTE($G7,".",""),"-","")," ","")," ",""),CHAR(9),"")=SUBSTITUTE(SUBSTITUTE(SUBSTITUTE(SUBSTITUTE(SUBSTITUTE($D7,".",""),"-","")," ","")," ",""),CHAR(9),""),1,0)) -> 1 | L7: 3회 회차별로 다 다른데 왜 정답과 일치횟수가 맞다고 나오는지 확인 필요
A8: 5 | B8: 29 | C8: =IF($B8="","",IFERROR(INDEX(케이스목록!$B$5:$B$34,MATCH($B8,케이스목록!$A$5:$A$34,0)),"번호 확인")) -> 품목분류2과-267 | D8: 1602329000 | E8: 1602.32-9010 | F8: 1602.32-9019 | G8: 1602.32-9010 | H8: =IF(OR($E8="",$F8="",$G8=""),"",IF(AND(LEFT(SUBSTITUTE(SUBSTITUTE(SUBSTITUTE(SUBSTITUTE(SUBSTITUTE($E8,".",""),"-","")," ","")," ",""),CHAR(9),""),6)=LEFT(SUBSTITUTE(SUBSTITUTE(SUBSTITUTE(SUBSTITUTE(SUBSTITUTE($F8,".",""),"-","")," ","")," ",""),CHAR(9),""),6),LEFT(SUBSTITUTE(SUBSTITUTE(SUBSTITUTE(SUBSTITUTE(SUBSTITUTE($F8,".",""),"-","")," ","")," ",""),CHAR(9),""),6)=LEFT(SUBSTITUTE(SUBSTITUTE(SUBSTITUTE(SUBSTITUTE(SUBSTITUTE($G8,".",""),"-","")," ","")," ",""),CHAR(9),""),6)),1,0)) -> 1 | I8: =IF(OR($E8="",$F8="",$G8=""),"",IF(AND(SUBSTITUTE(SUBSTITUTE(SUBSTITUTE(SUBSTITUTE(SUBSTITUTE($E8,".",""),"-","")," ","")," ",""),CHAR(9),"")=SUBSTITUTE(SUBSTITUTE(SUBSTITUTE(SUBSTITUTE(SUBSTITUTE($F8,".",""),"-","")," ","")," ",""),CHAR(9),""),SUBSTITUTE(SUBSTITUTE(SUBSTITUTE(SUBSTITUTE(SUBSTITUTE($F8,".",""),"-","")," ","")," ",""),CHAR(9),"")=SUBSTITUTE(SUBSTITUTE(SUBSTITUTE(SUBSTITUTE(SUBSTITUTE($G8,".",""),"-","")," ","")," ",""),CHAR(9),"")),1,0)) -> 0 | J8: =IF(OR($D8="",$E8=""),"",IF(LEFT(SUBSTITUTE(SUBSTITUTE(SUBSTITUTE(SUBSTITUTE(SUBSTITUTE($E8,".",""),"-","")," ","")," ",""),CHAR(9),""),6)=LEFT(SUBSTITUTE(SUBSTITUTE(SUBSTITUTE(SUBSTITUTE(SUBSTITUTE($D8,".",""),"-","")," ","")," ",""),CHAR(9),""),6),1,0)+IF(LEFT(SUBSTITUTE(SUBSTITUTE(SUBSTITUTE(SUBSTITUTE(SUBSTITUTE($F8,".",""),"-","")," ","")," ",""),CHAR(9),""),6)=LEFT(SUBSTITUTE(SUBSTITUTE(SUBSTITUTE(SUBSTITUTE(SUBSTITUTE($D8,".",""),"-","")," ","")," ",""),CHAR(9),""),6),1,0)+IF(LEFT(SUBSTITUTE(SUBSTITUTE(SUBSTITUTE(SUBSTITUTE(SUBSTITUTE($G8,".",""),"-","")," ","")," ",""),CHAR(9),""),6)=LEFT(SUBSTITUTE(SUBSTITUTE(SUBSTITUTE(SUBSTITUTE(SUBSTITUTE($D8,".",""),"-","")," ","")," ",""),CHAR(9),""),6),1,0)) -> 3 | K8: =IF(OR($D8="",$E8=""),"",IF(SUBSTITUTE(SUBSTITUTE(SUBSTITUTE(SUBSTITUTE(SUBSTITUTE($E8,".",""),"-","")," ","")," ",""),CHAR(9),"")=SUBSTITUTE(SUBSTITUTE(SUBSTITUTE(SUBSTITUTE(SUBSTITUTE($D8,".",""),"-","")," ","")," ",""),CHAR(9),""),1,0)+IF(SUBSTITUTE(SUBSTITUTE(SUBSTITUTE(SUBSTITUTE(SUBSTITUTE($F8,".",""),"-","")," ","")," ",""),CHAR(9),"")=SUBSTITUTE(SUBSTITUTE(SUBSTITUTE(SUBSTITUTE(SUBSTITUTE($D8,".",""),"-","")," ","")," ",""),CHAR(9),""),1,0)+IF(SUBSTITUTE(SUBSTITUTE(SUBSTITUTE(SUBSTITUTE(SUBSTITUTE($G8,".",""),"-","")," ","")," ",""),CHAR(9),"")=SUBSTITUTE(SUBSTITUTE(SUBSTITUTE(SUBSTITUTE(SUBSTITUTE($D8,".",""),"-","")," ","")," ",""),CHAR(9),""),1,0)) -> 0 | L8: 2회차 다른데 왜 정답과 일치횟수가 맞다고 나오는지 확인 필요
A9: 6 | B9: 2 | C9: =IF($B9="","",IFERROR(INDEX(케이스목록!$B$5:$B$34,MATCH($B9,케이스목록!$A$5:$A$34,0)),"번호 확인")) -> 품목분류2과-4144 | D9: 3207209000 | E9: 3208909000 | F9: 3208909000 | G9: 3208909000 | H9: =IF(OR($E9="",$F9="",$G9=""),"",IF(AND(LEFT(SUBSTITUTE(SUBSTITUTE(SUBSTITUTE(SUBSTITUTE(SUBSTITUTE($E9,".",""),"-","")," ","")," ",""),CHAR(9),""),6)=LEFT(SUBSTITUTE(SUBSTITUTE(SUBSTITUTE(SUBSTITUTE(SUBSTITUTE($F9,".",""),"-","")," ","")," ",""),CHAR(9),""),6),LEFT(SUBSTITUTE(SUBSTITUTE(SUBSTITUTE(SUBSTITUTE(SUBSTITUTE($F9,".",""),"-","")," ","")," ",""),CHAR(9),""),6)=LEFT(SUBSTITUTE(SUBSTITUTE(SUBSTITUTE(SUBSTITUTE(SUBSTITUTE($G9,".",""),"-","")," ","")," ",""),CHAR(9),""),6)),1,0)) -> 1 | I9: =IF(OR($E9="",$F9="",$G9=""),"",IF(AND(SUBSTITUTE(SUBSTITUTE(SUBSTITUTE(SUBSTITUTE(SUBSTITUTE($E9,".",""),"-","")," ","")," ",""),CHAR(9),"")=SUBSTITUTE(SUBSTITUTE(SUBSTITUTE(SUBSTITUTE(SUBSTITUTE($F9,".",""),"-","")," ","")," ",""),CHAR(9),""),SUBSTITUTE(SUBSTITUTE(SUBSTITUTE(SUBSTITUTE(SUBSTITUTE($F9,".",""),"-","")," ","")," ",""),CHAR(9),"")=SUBSTITUTE(SUBSTITUTE(SUBSTITUTE(SUBSTITUTE(SUBSTITUTE($G9,".",""),"-","")," ","")," ",""),CHAR(9),"")),1,0)) -> 1 | J9: =IF(OR($D9="",$E9=""),"",IF(LEFT(SUBSTITUTE(SUBSTITUTE(SUBSTITUTE(SUBSTITUTE(SUBSTITUTE($E9,".",""),"-","")," ","")," ",""),CHAR(9),""),6)=LEFT(SUBSTITUTE(SUBSTITUTE(SUBSTITUTE(SUBSTITUTE(SUBSTITUTE($D9,".",""),"-","")," ","")," ",""),CHAR(9),""),6),1,0)+IF(LEFT(SUBSTITUTE(SUBSTITUTE(SUBSTITUTE(SUBSTITUTE(SUBSTITUTE($F9,".",""),"-","")," ","")," ",""),CHAR(9),""),6)=LEFT(SUBSTITUTE(SUBSTITUTE(SUBSTITUTE(SUBSTITUTE(SUBSTITUTE($D9,".",""),"-","")," ","")," ",""),CHAR(9),""),6),1,0)+IF(LEFT(SUBSTITUTE(SUBSTITUTE(SUBSTITUTE(SUBSTITUTE(SUBSTITUTE($G9,".",""),"-","")," ","")," ",""),CHAR(9),""),6)=LEFT(SUBSTITUTE(SUBSTITUTE(SUBSTITUTE(SUBSTITUTE(SUBSTITUTE($D9,".",""),"-","")," ","")," ",""),CHAR(9),""),6),1,0)) -> 0 | K9: =IF(OR($D9="",$E9=""),"",IF(SUBSTITUTE(SUBSTITUTE(SUBSTITUTE(SUBSTITUTE(SUBSTITUTE($E9,".",""),"-","")," ","")," ",""),CHAR(9),"")=SUBSTITUTE(SUBSTITUTE(SUBSTITUTE(SUBSTITUTE(SUBSTITUTE($D9,".",""),"-","")," ","")," ",""),CHAR(9),""),1,0)+IF(SUBSTITUTE(SUBSTITUTE(SUBSTITUTE(SUBSTITUTE(SUBSTITUTE($F9,".",""),"-","")," ","")," ",""),CHAR(9),"")=SUBSTITUTE(SUBSTITUTE(SUBSTITUTE(SUBSTITUTE(SUBSTITUTE($D9,".",""),"-","")," ","")," ",""),CHAR(9),""),1,0)+IF(SUBSTITUTE(SUBSTITUTE(SUBSTITUTE(SUBSTITUTE(SUBSTITUTE($G9,".",""),"-","")," ","")," ",""),CHAR(9),"")=SUBSTITUTE(SUBSTITUTE(SUBSTITUTE(SUBSTITUTE(SUBSTITUTE($D9,".",""),"-","")," ","")," ",""),CHAR(9),""),1,0)) -> 0 | L9: 3회차 다 동일함.
A10: 7 | B10: 12 | C10: =IF($B10="","",IFERROR(INDEX(케이스목록!$B$5:$B$34,MATCH($B10,케이스목록!$A$5:$A$34,0)),"번호 확인")) -> 품목분류2과-1460 | D10: 2008999000 | E10: 2006.00-9010 | F10: 2006.00-9000 | G10: 2008.99-5000 | H10: =IF(OR($E10="",$F10="",$G10=""),"",IF(AND(LEFT(SUBSTITUTE(SUBSTITUTE(SUBSTITUTE(SUBSTITUTE(SUBSTITUTE($E10,".",""),"-","")," ","")," ",""),CHAR(9),""),6)=LEFT(SUBSTITUTE(SUBSTITUTE(SUBSTITUTE(SUBSTITUTE(SUBSTITUTE($F10,".",""),"-","")," ","")," ",""),CHAR(9),""),6),LEFT(SUBSTITUTE(SUBSTITUTE(SUBSTITUTE(SUBSTITUTE(SUBSTITUTE($F10,".",""),"-","")," ","")," ",""),CHAR(9),""),6)=LEFT(SUBSTITUTE(SUBSTITUTE(SUBSTITUTE(SUBSTITUTE(SUBSTITUTE($G10,".",""),"-","")," ","")," ",""),CHAR(9),""),6)),1,0)) -> 0 | I10: =IF(OR($E10="",$F10="",$G10=""),"",IF(AND(SUBSTITUTE(SUBSTITUTE(SUBSTITUTE(SUBSTITUTE(SUBSTITUTE($E10,".",""),"-","")," ","")," ",""),CHAR(9),"")=SUBSTITUTE(SUBSTITUTE(SUBSTITUTE(SUBSTITUTE(SUBSTITUTE($F10,".",""),"-","")," ","")," ",""),CHAR(9),""),SUBSTITUTE(SUBSTITUTE(SUBSTITUTE(SUBSTITUTE(SUBSTITUTE($F10,".",""),"-","")," ","")," ",""),CHAR(9),"")=SUBSTITUTE(SUBSTITUTE(SUBSTITUTE(SUBSTITUTE(SUBSTITUTE($G10,".",""),"-","")," ","")," ",""),CHAR(9),"")),1,0)) -> 0 | J10: =IF(OR($D10="",$E10=""),"",IF(LEFT(SUBSTITUTE(SUBSTITUTE(SUBSTITUTE(SUBSTITUTE(SUBSTITUTE($E10,".",""),"-","")," ","")," ",""),CHAR(9),""),6)=LEFT(SUBSTITUTE(SUBSTITUTE(SUBSTITUTE(SUBSTITUTE(SUBSTITUTE($D10,".",""),"-","")," ","")," ",""),CHAR(9),""),6),1,0)+IF(LEFT(SUBSTITUTE(SUBSTITUTE(SUBSTITUTE(SUBSTITUTE(SUBSTITUTE($F10,".",""),"-","")," ","")," ",""),CHAR(9),""),6)=LEFT(SUBSTITUTE(SUBSTITUTE(SUBSTITUTE(SUBSTITUTE(SUBSTITUTE($D10,".",""),"-","")," ","")," ",""),CHAR(9),""),6),1,0)+IF(LEFT(SUBSTITUTE(SUBSTITUTE(SUBSTITUTE(SUBSTITUTE(SUBSTITUTE($G10,".",""),"-","")," ","")," ",""),CHAR(9),""),6)=LEFT(SUBSTITUTE(SUBSTITUTE(SUBSTITUTE(SUBSTITUTE(SUBSTITUTE($D10,".",""),"-","")," ","")," ",""),CHAR(9),""),6),1,0)) -> 1 | K10: =IF(OR($D10="",$E10=""),"",IF(SUBSTITUTE(SUBSTITUTE(SUBSTITUTE(SUBSTITUTE(SUBSTITUTE($E10,".",""),"-","")," ","")," ",""),CHAR(9),"")=SUBSTITUTE(SUBSTITUTE(SUBSTITUTE(SUBSTITUTE(SUBSTITUTE($D10,".",""),"-","")," ","")," ",""),CHAR(9),""),1,0)+IF(SUBSTITUTE(SUBSTITUTE(SUBSTITUTE(SUBSTITUTE(SUBSTITUTE($F10,".",""),"-","")," ","")," ",""),CHAR(9),"")=SUBSTITUTE(SUBSTITUTE(SUBSTITUTE(SUBSTITUTE(SUBSTITUTE($D10,".",""),"-","")," ","")," ",""),CHAR(9),""),1,0)+IF(SUBSTITUTE(SUBSTITUTE(SUBSTITUTE(SUBSTITUTE(SUBSTITUTE($G10,".",""),"-","")," ","")," ",""),CHAR(9),"")=SUBSTITUTE(SUBSTITUTE(SUBSTITUTE(SUBSTITUTE(SUBSTITUTE($D10,".",""),"-","")," ","")," ",""),CHAR(9),""),1,0)) -> 0
A11: 8 | B11: 15 | C11: =IF($B11="","",IFERROR(INDEX(케이스목록!$B$5:$B$34,MATCH($B11,케이스목록!$A$5:$A$34,0)),"번호 확인")) -> 품목분류2과-1011 | D11: 3004909900 | E11: 3005.10-1000 | F11: 3005.10-9000 | G11: 3005.10-0000 | H11: =IF(OR($E11="",$F11="",$G11=""),"",IF(AND(LEFT(SUBSTITUTE(SUBSTITUTE(SUBSTITUTE(SUBSTITUTE(SUBSTITUTE($E11,".",""),"-","")," ","")," ",""),CHAR(9),""),6)=LEFT(SUBSTITUTE(SUBSTITUTE(SUBSTITUTE(SUBSTITUTE(SUBSTITUTE($F11,".",""),"-","")," ","")," ",""),CHAR(9),""),6),LEFT(SUBSTITUTE(SUBSTITUTE(SUBSTITUTE(SUBSTITUTE(SUBSTITUTE($F11,".",""),"-","")," ","")," ",""),CHAR(9),""),6)=LEFT(SUBSTITUTE(SUBSTITUTE(SUBSTITUTE(SUBSTITUTE(SUBSTITUTE($G11,".",""),"-","")," ","")," ",""),CHAR(9),""),6)),1,0)) -> 1 | I11: =IF(OR($E11="",$F11="",$G11=""),"",IF(AND(SUBSTITUTE(SUBSTITUTE(SUBSTITUTE(SUBSTITUTE(SUBSTITUTE($E11,".",""),"-","")," ","")," ",""),CHAR(9),"")=SUBSTITUTE(SUBSTITUTE(SUBSTITUTE(SUBSTITUTE(SUBSTITUTE($F11,".",""),"-","")," ","")," ",""),CHAR(9),""),SUBSTITUTE(SUBSTITUTE(SUBSTITUTE(SUBSTITUTE(SUBSTITUTE($F11,".",""),"-","")," ","")," ",""),CHAR(9),"")=SUBSTITUTE(SUBSTITUTE(SUBSTITUTE(SUBSTITUTE(SUBSTITUTE($G11,".",""),"-","")," ","")," ",""),CHAR(9),"")),1,0)) -> 0 | J11: =IF(OR($D11="",$E11=""),"",IF(LEFT(SUBSTITUTE(SUBSTITUTE(SUBSTITUTE(SUBSTITUTE(SUBSTITUTE($E11,".",""),"-","")," ","")," ",""),CHAR(9),""),6)=LEFT(SUBSTITUTE(SUBSTITUTE(SUBSTITUTE(SUBSTITUTE(SUBSTITUTE($D11,".",""),"-","")," ","")," ",""),CHAR(9),""),6),1,0)+IF(LEFT(SUBSTITUTE(SUBSTITUTE(SUBSTITUTE(SUBSTITUTE(SUBSTITUTE($F11,".",""),"-","")," ","")," ",""),CHAR(9),""),6)=LEFT(SUBSTITUTE(SUBSTITUTE(SUBSTITUTE(SUBSTITUTE(SUBSTITUTE($D11,".",""),"-","")," ","")," ",""),CHAR(9),""),6),1,0)+IF(LEFT(SUBSTITUTE(SUBSTITUTE(SUBSTITUTE(SUBSTITUTE(SUBSTITUTE($G11,".",""),"-","")," ","")," ",""),CHAR(9),""),6)=LEFT(SUBSTITUTE(SUBSTITUTE(SUBSTITUTE(SUBSTITUTE(SUBSTITUTE($D11,".",""),"-","")," ","")," ",""),CHAR(9),""),6),1,0)) -> 0 | K11: =IF(OR($D11="",$E11=""),"",IF(SUBSTITUTE(SUBSTITUTE(SUBSTITUTE(SUBSTITUTE(SUBSTITUTE($E11,".",""),"-","")," ","")," ",""),CHAR(9),"")=SUBSTITUTE(SUBSTITUTE(SUBSTITUTE(SUBSTITUTE(SUBSTITUTE($D11,".",""),"-","")," ","")," ",""),CHAR(9),""),1,0)+IF(SUBSTITUTE(SUBSTITUTE(SUBSTITUTE(SUBSTITUTE(SUBSTITUTE($F11,".",""),"-","")," ","")," ",""),CHAR(9),"")=SUBSTITUTE(SUBSTITUTE(SUBSTITUTE(SUBSTITUTE(SUBSTITUTE($D11,".",""),"-","")," ","")," ",""),CHAR(9),""),1,0)+IF(SUBSTITUTE(SUBSTITUTE(SUBSTITUTE(SUBSTITUTE(SUBSTITUTE($G11,".",""),"-","")," ","")," ",""),CHAR(9),"")=SUBSTITUTE(SUBSTITUTE(SUBSTITUTE(SUBSTITUTE(SUBSTITUTE($D11,".",""),"-","")," ","")," ",""),CHAR(9),""),1,0)) -> 0 | L11: 3회 회차별로 다 다른데 왜?
A12: 9 | B12: 17 | C12: =IF($B12="","",IFERROR(INDEX(케이스목록!$B$5:$B$34,MATCH($B12,케이스목록!$A$5:$A$34,0)),"번호 확인")) -> 품목분류2과-254 | D12: 3808999000 | E12: 3824.99-9090 | F12: 3824.99-9090 | G12: 3824.99-9090 | H12: =IF(OR($E12="",$F12="",$G12=""),"",IF(AND(LEFT(SUBSTITUTE(SUBSTITUTE(SUBSTITUTE(SUBSTITUTE(SUBSTITUTE($E12,".",""),"-","")," ","")," ",""),CHAR(9),""),6)=LEFT(SUBSTITUTE(SUBSTITUTE(SUBSTITUTE(SUBSTITUTE(SUBSTITUTE($F12,".",""),"-","")," ","")," ",""),CHAR(9),""),6),LEFT(SUBSTITUTE(SUBSTITUTE(SUBSTITUTE(SUBSTITUTE(SUBSTITUTE($F12,".",""),"-","")," ","")," ",""),CHAR(9),""),6)=LEFT(SUBSTITUTE(SUBSTITUTE(SUBSTITUTE(SUBSTITUTE(SUBSTITUTE($G12,".",""),"-","")," ","")," ",""),CHAR(9),""),6)),1,0)) -> 1 | I12: =IF(OR($E12="",$F12="",$G12=""),"",IF(AND(SUBSTITUTE(SUBSTITUTE(SUBSTITUTE(SUBSTITUTE(SUBSTITUTE($E12,".",""),"-","")," ","")," ",""),CHAR(9),"")=SUBSTITUTE(SUBSTITUTE(SUBSTITUTE(SUBSTITUTE(SUBSTITUTE($F12,".",""),"-","")," ","")," ",""),CHAR(9),""),SUBSTITUTE(SUBSTITUTE(SUBSTITUTE(SUBSTITUTE(SUBSTITUTE($F12,".",""),"-","")," ","")," ",""),CHAR(9),"")=SUBSTITUTE(SUBSTITUTE(SUBSTITUTE(SUBSTITUTE(SUBSTITUTE($G12,".",""),"-","")," ","")," ",""),CHAR(9),"")),1,0)) -> 1 | J12: =IF(OR($D12="",$E12=""),"",IF(LEFT(SUBSTITUTE(SUBSTITUTE(SUBSTITUTE(SUBSTITUTE(SUBSTITUTE($E12,".",""),"-","")," ","")," ",""),CHAR(9),""),6)=LEFT(SUBSTITUTE(SUBSTITUTE(SUBSTITUTE(SUBSTITUTE(SUBSTITUTE($D12,".",""),"-","")," ","")," ",""),CHAR(9),""),6),1,0)+IF(LEFT(SUBSTITUTE(SUBSTITUTE(SUBSTITUTE(SUBSTITUTE(SUBSTITUTE($F12,".",""),"-","")," ","")," ",""),CHAR(9),""),6)=LEFT(SUBSTITUTE(SUBSTITUTE(SUBSTITUTE(SUBSTITUTE(SUBSTITUTE($D12,".",""),"-","")," ","")," ",""),CHAR(9),""),6),1,0)+IF(LEFT(SUBSTITUTE(SUBSTITUTE(SUBSTITUTE(SUBSTITUTE(SUBSTITUTE($G12,".",""),"-","")," ","")," ",""),CHAR(9),""),6)=LEFT(SUBSTITUTE(SUBSTITUTE(SUBSTITUTE(SUBSTITUTE(SUBSTITUTE($D12,".",""),"-","")," ","")," ",""),CHAR(9),""),6),1,0)) -> 0 | K12: =IF(OR($D12="",$E12=""),"",IF(SUBSTITUTE(SUBSTITUTE(SUBSTITUTE(SUBSTITUTE(SUBSTITUTE($E12,".",""),"-","")," ","")," ",""),CHAR(9),"")=SUBSTITUTE(SUBSTITUTE(SUBSTITUTE(SUBSTITUTE(SUBSTITUTE($D12,".",""),"-","")," ","")," ",""),CHAR(9),""),1,0)+IF(SUBSTITUTE(SUBSTITUTE(SUBSTITUTE(SUBSTITUTE(SUBSTITUTE($F12,".",""),"-","")," ","")," ",""),CHAR(9),"")=SUBSTITUTE(SUBSTITUTE(SUBSTITUTE(SUBSTITUTE(SUBSTITUTE($D12,".",""),"-","")," ","")," ",""),CHAR(9),""),1,0)+IF(SUBSTITUTE(SUBSTITUTE(SUBSTITUTE(SUBSTITUTE(SUBSTITUTE($G12,".",""),"-","")," ","")," ",""),CHAR(9),"")=SUBSTITUTE(SUBSTITUTE(SUBSTITUTE(SUBSTITUTE(SUBSTITUTE($D12,".",""),"-","")," ","")," ",""),CHAR(9),""),1,0)) -> 0
A13: 10 | B13: 23 | C13: =IF($B13="","",IFERROR(INDEX(케이스목록!$B$5:$B$34,MATCH($B13,케이스목록!$A$5:$A$34,0)),"번호 확인")) -> 품목분류4과-174 | D13: 6403999000 | E13: 6403.99-9000 | F13: 6403.99-9000 | G13: 6403.99-9000 | H13: =IF(OR($E13="",$F13="",$G13=""),"",IF(AND(LEFT(SUBSTITUTE(SUBSTITUTE(SUBSTITUTE(SUBSTITUTE(SUBSTITUTE($E13,".",""),"-","")," ","")," ",""),CHAR(9),""),6)=LEFT(SUBSTITUTE(SUBSTITUTE(SUBSTITUTE(SUBSTITUTE(SUBSTITUTE($F13,".",""),"-","")," ","")," ",""),CHAR(9),""),6),LEFT(SUBSTITUTE(SUBSTITUTE(SUBSTITUTE(SUBSTITUTE(SUBSTITUTE($F13,".",""),"-","")," ","")," ",""),CHAR(9),""),6)=LEFT(SUBSTITUTE(SUBSTITUTE(SUBSTITUTE(SUBSTITUTE(SUBSTITUTE($G13,".",""),"-","")," ","")," ",""),CHAR(9),""),6)),1,0)) -> 1 | I13: =IF(OR($E13="",$F13="",$G13=""),"",IF(AND(SUBSTITUTE(SUBSTITUTE(SUBSTITUTE(SUBSTITUTE(SUBSTITUTE($E13,".",""),"-","")," ","")," ",""),CHAR(9),"")=SUBSTITUTE(SUBSTITUTE(SUBSTITUTE(SUBSTITUTE(SUBSTITUTE($F13,".",""),"-","")," ","")," ",""),CHAR(9),""),SUBSTITUTE(SUBSTITUTE(SUBSTITUTE(SUBSTITUTE(SUBSTITUTE($F13,".",""),"-","")," ","")," ",""),CHAR(9),"")=SUBSTITUTE(SUBSTITUTE(SUBSTITUTE(SUBSTITUTE(SUBSTITUTE($G13,".",""),"-","")," ","")," ",""),CHAR(9),"")),1,0)) -> 1 | J13: =IF(OR($D13="",$E13=""),"",IF(LEFT(SUBSTITUTE(SUBSTITUTE(SUBSTITUTE(SUBSTITUTE(SUBSTITUTE($E13,".",""),"-","")," ","")," ",""),CHAR(9),""),6)=LEFT(SUBSTITUTE(SUBSTITUTE(SUBSTITUTE(SUBSTITUTE(SUBSTITUTE($D13,".",""),"-","")," ","")," ",""),CHAR(9),""),6),1,0)+IF(LEFT(SUBSTITUTE(SUBSTITUTE(SUBSTITUTE(SUBSTITUTE(SUBSTITUTE($F13,".",""),"-","")," ","")," ",""),CHAR(9),""),6)=LEFT(SUBSTITUTE(SUBSTITUTE(SUBSTITUTE(SUBSTITUTE(SUBSTITUTE($D13,".",""),"-","")," ","")," ",""),CHAR(9),""),6),1,0)+IF(LEFT(SUBSTITUTE(SUBSTITUTE(SUBSTITUTE(SUBSTITUTE(SUBSTITUTE($G13,".",""),"-","")," ","")," ",""),CHAR(9),""),6)=LEFT(SUBSTITUTE(SUBSTITUTE(SUBSTITUTE(SUBSTITUTE(SUBSTITUTE($D13,".",""),"-","")," ","")," ",""),CHAR(9),""),6),1,0)) -> 3 | K13: =IF(OR($D13="",$E13=""),"",IF(SUBSTITUTE(SUBSTITUTE(SUBSTITUTE(SUBSTITUTE(SUBSTITUTE($E13,".",""),"-","")," ","")," ",""),CHAR(9),"")=SUBSTITUTE(SUBSTITUTE(SUBSTITUTE(SUBSTITUTE(SUBSTITUTE($D13,".",""),"-","")," ","")," ",""),CHAR(9),""),1,0)+IF(SUBSTITUTE(SUBSTITUTE(SUBSTITUTE(SUBSTITUTE(SUBSTITUTE($F13,".",""),"-","")," ","")," ",""),CHAR(9),"")=SUBSTITUTE(SUBSTITUTE(SUBSTITUTE(SUBSTITUTE(SUBSTITUTE($D13,".",""),"-","")," ","")," ",""),CHAR(9),""),1,0)+IF(SUBSTITUTE(SUBSTITUTE(SUBSTITUTE(SUBSTITUTE(SUBSTITUTE($G13,".",""),"-","")," ","")," ",""),CHAR(9),"")=SUBSTITUTE(SUBSTITUTE(SUBSTITUTE(SUBSTITUTE(SUBSTITUTE($D13,".",""),"-","")," ","")," ",""),CHAR(9),""),1,0)) -> 3

Sheet 측정조건
A1: 측정조건 기록 — 재현 가능성의 근거
A2: 면접에서 반드시 물어보는 항목입니다. 조건이 기록되지 않은 숫자는 근거가 되지 못합니다.
A4: 항목 | B4: 값 | C4: 비고
A5: 모델명 / 버전 | B5: gemini-3.1-pro-preview | C5: 정확한 버전 문자열로. 앱은 뒤에서 모델이 바뀔 수 있음
A6: 측정 환경 | B6: Google AI Studio Playground | C6: 앱이 아닌 이유: Grounding 토글이 명시적으로 존재
A7: Temperature | B7: 1 (기본값) | C7: 기본값 유지. 낮추면 일관성 측정이 무의미해짐
A8: Thinking level | B8: High | C8: 모델에 최대한 유리한 조건을 준 상태여야 반박을 막음
A9: Grounding with Google Search | B9: OFF
A10: Grounding with Google Maps | B10: OFF
A11: URL context | B11: OFF
A12: System instructions | B12: 비움 | C12: 여기에 뭘 넣으면 그것도 프롬프트 조작
A13: 이미지 첨부 | B13: 없음 | C13: 결정례에 이미지가 있어도 넣지 않음. 텍스트 전용 통일
A14: 차단 확인 (시작) | C14: 결정례 번호로 품명·세번을 물어 모른다고 답했는지
A15: 차단 확인 (종료) | C15: 5건 또는 30건 종료 후 재확인
A16: 측정 일자 | B16: 2026-08-__
A17: 추출 모델 (물품설명 재작성용) | C17: 측정 모델과 다른 회사 것
A18: 평가 셋 출처 | B18: 관세청 품목분류 결정례
A19: 알려진 한계 | B19: 평가 셋이 공표된 결정례이므로 검색 가능 모델에서는 과대추정됨. 검색을 차단해 통제했으며, 실제 타겟인 미결정 신규 품목 상황의 대리 지표로 사용 | C19: 이 문장을 그대로 문서·발표에 쓰세요

Sheet 결과요약
A1: 결과요약 — 유효 건만 집계
A2: 케이스목록의 유효_A / 유효_B가 O인 행만 계산에 들어갑니다. 입력할 것은 없습니다.
A4: 측정 규모
A5: 조건 A 유효 건수 | B5: =COUNTIFS(측정기록!$E$5:$E$34,"O",측정기록!$I$5:$I$34,">=0") -> 29 | C5: 30건 목표. 20건 미만이면 신뢰도 낮음
A6: 조건 B 유효 건수 | B6: =COUNTIFS(조건B_품명only!$E$5:$E$34,"O",조건B_품명only!$H$5:$H$34,">=0") -> 28
A7: 제외된 건수 | B7: =COUNTIF(케이스목록!$H$5:$H$34,"X")+COUNTIF(케이스목록!$I$5:$I$34,"X") -> 3 | C7: 제외 사유는 케이스목록에 기록
A8: 결정례 인용 발생 | B8: =COUNTIF(측정기록!$G$5:$G$34,"O") -> 0 | C8: 0이 아니면 검색이 새어 들어온 것. 해당 행을 유효 X로
A10: 조건 A — 상세 물품설명 (모델 성능의 상한선)
A11: 4자리(호) 일치율 | B11: =IF(COUNTIFS(측정기록!$E$5:$E$34,"O",측정기록!$I$5:$I$34,">=0")=0,"",SUMIFS(측정기록!$I$5:$I$34,측정기록!$E$5:$E$34,"O")/COUNTIFS(측정기록!$E$5:$E$34,"O",측정기록!$I$5:$I$34,">=0")) -> 0.51724138 | C11: 큰 분류를 맞췄는가
A12: 6자리(국제공통) 일치율 | B12: =IF(COUNTIFS(측정기록!$E$5:$E$34,"O",측정기록!$J$5:$J$34,">=0")=0,"",SUMIFS(측정기록!$J$5:$J$34,측정기록!$E$5:$E$34,"O")/COUNTIFS(측정기록!$E$5:$E$34,"O",측정기록!$J$5:$J$34,">=0")) -> 0.4137931 | C12: 핵심 지표. 아래 판정의 기준값
A13: 10자리(HSK) 일치율 | B13: =IF(COUNTIFS(측정기록!$E$5:$E$34,"O",측정기록!$K$5:$K$34,">=0")=0,"",SUMIFS(측정기록!$K$5:$K$34,측정기록!$E$5:$E$34,"O")/COUNTIFS(측정기록!$E$5:$E$34,"O",측정기록!$K$5:$K$34,">=0")) -> 0.13793103 | C13: 실무 즉시 사용 가능 여부
A14: P2 Top1 6자리 | B14: =IF(COUNTIFS(측정기록!$E$5:$E$34,"O",측정기록!$O$5:$O$34,">=0")=0,"",SUMIFS(측정기록!$O$5:$O$34,측정기록!$E$5:$E$34,"O")/COUNTIFS(측정기록!$E$5:$E$34,"O",측정기록!$O$5:$O$34,">=0")) -> 0.4137931 | C14: P1과 비슷하면 후보를 여럿 요구하는 것만으로는 개선 없음
A15: P2 Top3 포함율 | B15: =IF(COUNTIFS(측정기록!$E$5:$E$34,"O",측정기록!$P$5:$P$34,">=0")=0,"",SUMIFS(측정기록!$P$5:$P$34,측정기록!$E$5:$E$34,"O")/COUNTIFS(측정기록!$E$5:$E$34,"O",측정기록!$P$5:$P$34,">=0")) -> 0.82758621 | C15: 만들 시스템이 후보 3개 형태이므로 이 값이 실제 비교 기준선
A17: 조건 B — 품명 원문만 (실무 입력)
A18: 4자리 일치율 | B18: =IF(COUNTIFS(조건B_품명only!$E$5:$E$34,"O",조건B_품명only!$H$5:$H$34,">=0")=0,"",SUMIFS(조건B_품명only!$H$5:$H$34,조건B_품명only!$E$5:$E$34,"O")/COUNTIFS(조건B_품명only!$E$5:$E$34,"O",조건B_품명only!$H$5:$H$34,">=0")) -> 0.53571429
A19: 6자리 일치율 | B19: =IF(COUNTIFS(조건B_품명only!$E$5:$E$34,"O",조건B_품명only!$I$5:$I$34,">=0")=0,"",SUMIFS(조건B_품명only!$I$5:$I$34,조건B_품명only!$E$5:$E$34,"O")/COUNTIFS(조건B_품명only!$E$5:$E$34,"O",조건B_품명only!$I$5:$I$34,">=0")) -> 0.42857143 | C19: 조건 A와 비교할 값
A20: 10자리 일치율 | B20: =IF(COUNTIFS(조건B_품명only!$E$5:$E$34,"O",조건B_품명only!$J$5:$J$34,">=0")=0,"",SUMIFS(조건B_품명only!$J$5:$J$34,조건B_품명only!$E$5:$E$34,"O")/COUNTIFS(조건B_품명only!$E$5:$E$34,"O",조건B_품명only!$J$5:$J$34,">=0")) -> 0.21428571
A21: 정보부족 언급률 | B21: =IF(COUNTIFS(조건B_품명only!$E$5:$E$34,"O",조건B_품명only!$H$5:$H$34,">=0",조건B_품명only!$K$5:$K$34,"O")+COUNTIFS(조건B_품명only!$E$5:$E$34,"O",조건B_품명only!$H$5:$H$34,">=0",조건B_품명only!$K$5:$K$34,"X")=0,"",COUNTIFS(조건B_품명only!$E$5:$E$34,"O",조건B_품명only!$H$5:$H$34,">=0",조건B_품명only!$K$5:$K$34,"O")/(COUNTIFS(조건B_품명only!$E$5:$E$34,"O",조건B_품명only!$H$5:$H$34,">=0",조건B_품명only!$K$5:$K$34,"O")+COUNTIFS(조건B_품명only!$E$5:$E$34,"O",조건B_품명only!$H$5:$H$34,">=0",조건B_품명only!$K$5:$K$34,"X"))) -> 0.035714286 | C21: 낮을수록 정보가 부족한데도 확신에 차서 답한다는 뜻 → 되묻기 기능의 존재 이유
A22: 되묻기 질문 평균 | B22: =IF(COUNTIFS(조건B_품명only!$E$5:$E$34,"O",조건B_품명only!$H$5:$H$34,">=0")=0,"",SUMIFS(조건B_품명only!$L$5:$L$34,조건B_품명only!$E$5:$E$34,"O",조건B_품명only!$H$5:$H$34,">=0")/COUNTIFS(조건B_품명only!$E$5:$E$34,"O",조건B_품명only!$H$5:$H$34,">=0")) -> 0.071428571 | C22: 0에 가까우면 모델이 스스로 되묻지 않는다는 증거
A24: 품명유형별 조건 B 6자리 정확도
A25: 품명명확 유형 | B25: =IF(COUNTIFS(조건B_품명only!$E$5:$E$34,"O",조건B_품명only!$F$5:$F$34,"품명명확",조건B_품명only!$I$5:$I$34,">=0")=0,"",SUMIFS(조건B_품명only!$I$5:$I$34,조건B_품명only!$E$5:$E$34,"O",조건B_품명only!$F$5:$F$34,"품명명확")/COUNTIFS(조건B_품명only!$E$5:$E$34,"O",조건B_품명only!$F$5:$F$34,"품명명확",조건B_품명only!$I$5:$I$34,">=0")) -> 0.52380952 | C25: 품명만으로 용도를 알 수 있는 건
A26: 품번only 유형 | B26: =IF(COUNTIFS(조건B_품명only!$E$5:$E$34,"O",조건B_품명only!$F$5:$F$34,"품번only",조건B_품명only!$I$5:$I$34,">=0")=0,"",SUMIFS(조건B_품명only!$I$5:$I$34,조건B_품명only!$E$5:$E$34,"O",조건B_품명only!$F$5:$F$34,"품번only")/COUNTIFS(조건B_품명only!$E$5:$E$34,"O",조건B_품명only!$F$5:$F$34,"품번only",조건B_품명only!$I$5:$I$34,">=0")) -> 0.14285714 | C26: 품번·약어뿐인 건. 실무 병목이 여기 몰립니다. 타겟을 좁힐 근거
A28: A vs B 격차
A29: 6자리 격차 (A − B) | B29: =IF(OR(B12="",B19=""),"",B12-B19) -> -0.014778325 | C29: 양수이면 정보가 도움이 된 것, 음수이면 상세 설명이 오히려 방해한 것
A30: 해석 | B30: =IF(OR(B12="",B19=""),"조건 A와 B를 모두 채우면 표시됩니다",IF(B12-B19>=0.3,"격차가 큽니다. 되묻기 기능이 핵심임이 데이터로 뒷받침됩니다",IF(B12-B19>=0.15,"유의미한 격차. 되묻기는 보조로, 근거 제시를 주력으로",IF(B12-B19>=0,"격차가 작습니다. 병목은 정보 부족이 아니라 분류 판단 자체일 가능성","역전 현상 — 상세 설명이 오히려 오분류를 유발했습니다. 정보 요약·정제 단계가 필요하다는 강한 신호입니다")))) -> 역전 현상 — 상세 설명이 오히려 오분류를 유발했습니다. 정보 요약·정제 단계가 필요하다는 강한 신호입니다
A32: 일관성 — 같은 질문 3회 반복 (10건)
A33: 3회 모두 같은 답 (6자리) | B33: =IF(COUNT(일관성!$H$4:$H$13)=0,"",SUM(일관성!$H$4:$H$13)/COUNT(일관성!$H$4:$H$13)) -> 0.9 | C33: 큰 분류가 흔들리지 않는가
A34: 3회 모두 같은 답 (10자리) | B34: =IF(COUNT(일관성!$I$4:$I$13)=0,"",SUM(일관성!$I$4:$I$13)/COUNT(일관성!$I$4:$I$13)) -> 0.6 | C34: 실무 기준. 세번이 다르면 관세율이 달라지므로 6자리 일치만으로는 도입 불가
A35: 3회 중 정답 평균 (6자리) | B35: =IF(COUNT(일관성!$J$4:$J$13)=0,"",AVERAGE(일관성!$J$4:$J$13)) -> 1.9 | C35: 30건 결과가 운인지 실력인지 검증
A36: 3회 중 정답 평균 (10자리) | B36: =IF(COUNT(일관성!$K$4:$K$13)=0,"",AVERAGE(일관성!$K$4:$K$13)) -> 1.3 | C36: 3.0에 가까울수록 안정. 1 이하면 사실상 찍는 것
A38: 판정
A39: 조건 A 6자리 기준 | B39: =IF(B12="","측정 결과를 입력하세요",IF(B5<10,"유효 건수 부족 — 최소 20건 필요",IF(B12<0.5,"A 확정 — 개선 여지가 크고 프로젝트 명분이 명확합니다",IF(B12<0.75,"A 확정 — 정확도보다 근거 제시와 검증 시간 단축이 승부처",IF(B12<0.9,"A 유지 — 초점을 완전히 검증 시간 단축으로","분류 자체는 문제가 아님 — 되묻기 중심 재설계 또는 통관 서류 파싱으로 전환 검토"))))) -> A 확정 — 개선 여지가 크고 프로젝트 명분이 명확합니다
A41: 일관성 단서 | B41: =IF(B34="","일관성 시트를 채우면 표시됩니다",IF(B34<0.7,"10자리 기준 일관성이 낮습니다. 같은 질문에 세번이 매번 달라지므로 정확도와 무관하게 실무 도입이 불가합니다. 만들 것은 분류기가 아니라 답을 고정하고 근거를 붙이는 시스템입니다","10자리 기준으로도 답변이 안정적입니다. 차별화를 정확도와 근거 제시에 두세요")) -> 10자리 기준 일관성이 낮습니다. 같은 질문에 세번이 매번 달라지므로 정확도와 무관하게 실무 도입이 불가합니다. 만들 것은 분류기가 아니라 답을 고정하고 근거를 붙이는 시스템입니다
A43: 오답유형 분포 (조건 A, 유효 건만)
A44: 유형 | B44: 건수 | C44: 비중
A45: 복합재질 주된재질 판단 실패 | B45: =COUNTIFS(측정기록!$E$5:$E$34,"O",측정기록!$Q$5:$Q$34,$A45) -> 1 | C45: =IF(COUNTIFS(측정기록!$E$5:$E$34,"O",측정기록!$Q$5:$Q$34,"<>")=0,"",B45/COUNTIFS(측정기록!$E$5:$E$34,"O",측정기록!$Q$5:$Q$34,"<>")) -> 0.041666667
A46: 세트물품 통칙 적용 오류 | B46: =COUNTIFS(측정기록!$E$5:$E$34,"O",측정기록!$Q$5:$Q$34,$A46) -> 2 | C46: =IF(COUNTIFS(측정기록!$E$5:$E$34,"O",측정기록!$Q$5:$Q$34,"<>")=0,"",B46/COUNTIFS(측정기록!$E$5:$E$34,"O",측정기록!$Q$5:$Q$34,"<>")) -> 0.083333333
A47: 용도/기능 오인 | B47: =COUNTIFS(측정기록!$E$5:$E$34,"O",측정기록!$Q$5:$Q$34,$A47) -> 2 | C47: =IF(COUNTIFS(측정기록!$E$5:$E$34,"O",측정기록!$Q$5:$Q$34,"<>")=0,"",B47/COUNTIFS(측정기록!$E$5:$E$34,"O",측정기록!$Q$5:$Q$34,"<>")) -> 0.083333333
A48: 호 경합 판단 오류 | B48: =COUNTIFS(측정기록!$E$5:$E$34,"O",측정기록!$Q$5:$Q$34,$A48) -> 10 | C48: =IF(COUNTIFS(측정기록!$E$5:$E$34,"O",측정기록!$Q$5:$Q$34,"<>")=0,"",B48/COUNTIFS(측정기록!$E$5:$E$34,"O",측정기록!$Q$5:$Q$34,"<>")) -> 0.41666667
A49: 한국 고유 세번(10자리) 오류 | B49: =COUNTIFS(측정기록!$E$5:$E$34,"O",측정기록!$Q$5:$Q$34,$A49) -> 6 | C49: =IF(COUNTIFS(측정기록!$E$5:$E$34,"O",측정기록!$Q$5:$Q$34,"<>")=0,"",B49/COUNTIFS(측정기록!$E$5:$E$34,"O",측정기록!$Q$5:$Q$34,"<>")) -> 0.25
A50: 물품설명 정보 부족 | B50: =COUNTIFS(측정기록!$E$5:$E$34,"O",측정기록!$Q$5:$Q$34,$A50) -> 2 | C50: =IF(COUNTIFS(측정기록!$E$5:$E$34,"O",측정기록!$Q$5:$Q$34,"<>")=0,"",B50/COUNTIFS(측정기록!$E$5:$E$34,"O",측정기록!$Q$5:$Q$34,"<>")) -> 0.083333333
A51: 존재하지 않는 코드 생성 | B51: =COUNTIFS(측정기록!$E$5:$E$34,"O",측정기록!$Q$5:$Q$34,$A51) -> 1 | C51: =IF(COUNTIFS(측정기록!$E$5:$E$34,"O",측정기록!$Q$5:$Q$34,"<>")=0,"",B51/COUNTIFS(측정기록!$E$5:$E$34,"O",측정기록!$Q$5:$Q$34,"<>")) -> 0.041666667
A52: 기타 | B52: =COUNTIFS(측정기록!$E$5:$E$34,"O",측정기록!$Q$5:$Q$34,$A52) -> 0 | C52: =IF(COUNTIFS(측정기록!$E$5:$E$34,"O",측정기록!$Q$5:$Q$34,"<>")=0,"",B52/COUNTIFS(측정기록!$E$5:$E$34,"O",측정기록!$Q$5:$Q$34,"<>")) -> 0
A53: 합계 | B53: =COUNTIFS(측정기록!$E$5:$E$34,"O",측정기록!$Q$5:$Q$34,"<>") -> 24 | C53: 3건 이상 반복되는 새 유형이 보이면 목록에 추가
